treeID,DBH_cm,Height,mean_height,roughness,p05,p25,p50,p75,p95,dens_point,dens_above_p50,dens_0_2m,dens_2_5m,dens_5m_up,crown_diam_x,crown_diam_y,crown_diameter,crown_depth,envelope_vol,Projected_area,asymmetry,inclination_deg,linearity,planarity,sphericity,Slenderness,Biomass_vox,Z_Skewness,Z_Kurtosis
1752,9.701505341,23.6674,2.662220484,3.026434304,0.46711,1.07805,2.05345,3.01854,6.434422,3688.064516,0.499956267,0.483425173,0.392985218,0.123589609,1.8706,2.49557,2.183085,23.43713,41.75682429,6.969955993,2.035654868,0,0.991513927,0.006312369,0.002173704,243.955955,0.301,4.04240918,22.82684048
1753,6.695753329,23.79864,2.536725789,2.315904003,0.44103,0.974175,2.1264,3.53234,6.379625,2645.5,0.4999055,0.472689473,0.45983746,0.067473067,2.36758,1.95914,2.16336,23.54456,23.86416418,6.480716503,2.721207028,0,0.995130833,0.004127723,0.000741444,355.4288641,0.166,3.797198937,28.34340003
1754,8.527339895,22.98418,4.510758835,5.467515083,0.3283,1.02068,2.49627,4.16648,16.53179,835.2272727,0.499954649,0.40244898,0.375238095,0.222312925,5.26351,4.12426,4.693885,22.86296,187.0778049,14.31437726,2.065534396,0,0.981322315,0.01212059,0.006557096,269.535169,0.713,1.72751515,4.71291314
1755,23.1174182,20.16198,3.239537715,3.470310725,0.3343205,0.80154,1.61022,5.3193,10.6204455,22437.5,0.49994429,0.563509749,0.165905292,0.270584958,1.10356,1.30239,1.202975,20.03223,6.986654995,3.635099103,3.50296115,0,0.999532932,0.000142795,0.000324273,87.21553515,0.42,1.403908003,4.108802542
1756,6.734241029,5.10504,2.043628647,1.189496118,0.2958875,1.08548,2.011955,2.9422225,4.4148545,776.25,0.5,0.491143317,0.504428341,0.004428341,2.123,2.15371,2.138355,5.06739,6.523343177,6.913641247,1.286202274,0,0.93887499,0.021482119,0.039642891,75.80720646,0.17,0.374269879,2.420282932
1757,22.77107858,20.49548,3.251012069,2.674276438,0.79111,1.57498,2.39572,4.21396,8.37394,5989.594595,0.499988719,0.379960743,0.427001782,0.193037475,4.27318,2.92752,3.60035,20.22469,90.63145675,11.22445561,2.747092431,0,0.991162582,0.006838191,0.001999227,90.00662804,0.785,2.319099232,10.47738597
1759,11.27330888,5.22518,3.051816522,0.957247388,0.8200105,3.01424,3.14706,3.4239175,4.24703,31162.71605,0.499833609,0.124028397,0.868963386,0.007008217,2.87799,4.06934,3.473665,5.07349,21.31971829,11.19137658,1.506083402,29.95658975,0.663441599,0.112737933,0.223820468,46.35001182,1.976,-1.040030722,4.214643026
1760,3.701350664,1.98392,1.132779596,0.499886027,0.323222,0.73208,1.12771,1.59958,1.876509,7670,0.49934811,1,0,0,0.26901,0.42995,0.34948,1.8058,0.05800766,1.197654192,2.122377364,0,0.988530599,0.007171742,0.004297659,53.59989313,0.04,-0.068679992,1.845288015
1761,8.942010594,16.58857,9.247268347,4.697626352,2.125132,5.08196,8.919265,14.0628,15.94479,3570.555556,0.5,0.041543488,0.203179296,0.755277216,3.6854,4.03175,3.858575,15.30396,68.34706697,12.38898441,2.020330201,73.19476367,0.982588319,0.002400045,0.015011636,185.5127527,1.587,-0.002358753,1.631289231
1763,87.82203396,23.5063,1.914813789,1.057961817,0.90637,1.3186,1.74841,2.44201,3.03454,38144.28571,0.499981274,0.64191104,0.354843139,0.003245821,1.78792,1.901409999,1.844665,23.01365,23.93008517,5.950225868,1.778204517,0,0.957177022,0.028296882,0.014526096,26.7658342,0.611,9.641838336,178.3380961
1764,17.80827696,7.27574,1.581604667,1.276730027,0.243734,0.52662,1.21875,2.61745,3.27418,5801.724138,0.499970282,0.647726597,0.324219911,0.028053492,2.75769,2.10943,2.43356,7.09836,9.935104001,7.239452774,1.350980568,0,0.987079293,0.008526435,0.004394272,40.85594589,0.268,1.325650573,5.358828903
1765,7.731946258,23.93215,3.121205417,5.656037738,0.199722,0.6452,1.39276,2.36359,23.747292,801.9117647,0.499908307,0.647166697,0.246469833,0.10636347,3.73755,3.19162,3.464585,23.87409,80.37079416,10.88040988,3.498784531,0,0.985704284,0.013009847,0.001285869,309.5229739,0.246,3.071152789,11.20490208
1767,31.81627515,19.50195,4.809304212,3.23989388,0.938418,2.4934,3.9464,7.09703,10.764313,11216.25,0.499981426,0.190274527,0.442252684,0.367472789,1.77331,1.90862,1.840965,19.32961,26.00135873,6.145374063,1.68665278,0,0.995567324,0.003182782,0.001249894,61.29551592,0.727,1.090068965,4.461573023
1768,51.95576468,25.84489,4.538130224,3.950830773,0.650566,1.29735,3.21712,7.15049,12.47353,8941.401869,0.499994774,0.402976806,0.210853637,0.386169557,5.4185,3.97046,4.69448,25.81478,153.6161298,14.95301469,2.499913487,0,0.977341437,0.018916894,0.003741669,49.74402775,2.177,1.183483581,4.204624095
1770,6.335943484,30.80778,3.944647879,3.716147733,0.53588,2.24591,3.19947,4.5598025,7.8540315,17651.81818,0.5,0.211515682,0.558634187,0.229850131,5.06639,3.12677,4.09658,30.77141,179.6610446,13.4457988,1.210786569,23.73858099,0.930568431,0.021697319,0.047734249,486.2382386,3.186,3.506438787,18.33948348
1771,52.92911468,26.36159,4.189479489,2.738204706,1.1458,2.13325,3.57196,5.5293075,9.225696,29138.15789,0.5,0.21543012,0.469970648,0.314599232,2.98696,3.715,3.35098,25.67771,95.38616314,10.80013497,2.066115849,0,0.997363808,0.001189038,0.001447154,49.80546182,1.907,1.7677667,8.981877823
1774,11.57489374,21.7725,5.088877177,3.086930661,0.83207,2.627355,4.91324,6.98026,10.593055,1858.913043,0.499941527,0.191439598,0.315284762,0.49327564,3.50581,2.61152,3.058665,21.66106,41.66852908,9.346745311,1.520729296,0,0.986994205,0.01103351,0.001972285,188.1010789,0.509,0.583873925,3.055852581
1775,18.42779755,28.98212,5.113809353,3.619161259,0.5476545,2.2815625,4.656395,7.2743,11.2919465,545.2459016,0.5,0.222689918,0.289136099,0.488173983,8.71295,5.43471,7.07383,28.70126,282.5876226,22.04612317,4.216411468,0,0.954358184,0.042974948,0.002666868,157.2739223,0.562,1.178829576,6.231878646
1776,29.2163493,27.94319,3.746934019,2.431892491,0.80269,2.04912,3.507615,4.6894725,8.148089,35626.66667,0.5,0.234749251,0.565891654,0.199359094,1.15185,1.72335,1.4376,27.94299,16.74168292,4.396140349,1.353026475,0,0.998104331,0.001062292,0.000833377,95.64230532,0.766,1.936234895,12.87448487
1778,46.38272681,28.21769,2.907903734,2.695933318,0.43705,1.05582,2.06962,4.06522,8.11551,6238.870968,0.499909516,0.475840852,0.342105943,0.182053204,3.76191,2.4703,3.116105,27.98365,104.3635762,9.919201748,1.629265218,0,0.992063953,0.004548009,0.003388037,60.83663454,0.993,2.275436386,12.39690644
1779,10.08986431,31.60416,7.246180375,4.249354658,0.7782,4.2635275,6.64745,10.15403,15.2066925,11436.92308,0.5,0.10838714,0.236481033,0.655131827,2.34151,2.50699,2.42425,31.573,36.03338529,7.013031498,1.623771229,0,0.997018771,0.000788829,0.0021924,313.226809,0.984,0.441872633,2.461749719
1781,64.68112179,25.81018,4.861110174,3.597192049,0.69622,2.07903,3.93353,6.952745,12.02186,23664.72868,0.499991811,0.236288592,0.374111866,0.389599541,4.95147,3.55069,4.25108,25.78011,179.3736457,13.96734952,1.800618027,0,0.984840823,0.010410773,0.004748404,39.90372969,3.3,0.967078462,3.391753003
1782,42.31461329,20.92809,4.368489035,3.188143425,0.533944,1.67519,3.71558,6.25549,10.395604,12237.9646,0.499996384,0.271033849,0.367484037,0.361482114,4.86427,3.723,4.293635,20.70896,126.4334919,13.28676631,1.542336213,0,0.986838433,0.009466893,0.003694674,49.45830382,1.572,0.899305257,3.314652485
1783,16.97828926,18.20438,7.046739217,5.335178805,0.595,2.412965,5.36723,12.368085,15.587294,13766.47059,0.5,0.205742853,0.277165321,0.517091826,4.35111,4.91202,4.631565,18.00419,123.5915146,14.55319366,2.249616765,79.04818959,0.982302705,0.01292506,0.004772235,107.2215211,3.359,0.455264168,1.742081671
1786,94.99257302,35.35606,7.319132261,6.808948881,0.2596,2.07176,5.14866,11.50511,22.94401,16562.89436,0.499994758,0.210223539,0.249912625,0.508292733,10.46322,8.79431,9.628765,35.64758,1437.210175,31.4516495,1.209768725,73.12458986,0.970502414,0.007572501,0.021925085,37.21981506,19.889,1.154915661,3.444672239
1787,53.59865685,31.37218,3.548345318,5.466247758,0.420505,0.88542,1.29655,1.96351,19.8801,2639.821429,0.499932355,0.758743151,0.056822025,0.184434824,3.90422,4.42939,4.166805,31.14826,190.4474608,13.00730688,3.30752758,0,0.989776689,0.007259357,0.002963954,58.5316533,1.074,2.278049987,7.147238921
1789,22.87058419,23.42719,4.548562279,4.010593465,0.471394,1.47497,3.38501,6.010695,13.788656,3613.4375,0.499991352,0.297587131,0.38872265,0.313690219,4.52061,4.364010001,4.44231,23.21882,202.2092502,15.05779381,2.829637817,0,0.964633961,0.029699183,0.005666857,102.4337193,1.419,1.339391557,4.114579308
1790,29.47071894,20.30732,5.564259515,3.737159719,0.728116,2.66259,4.68023,8.26458,12.337804,8468.901099,0.499967561,0.176093529,0.362775248,0.461131223,4.76552,3.65962,4.21257,20.26934,89.96333794,12.21879889,1.607971827,0,0.991250552,0.005573033,0.003176415,68.90676823,2.219,0.673049181,2.68336795
1792,5.857779264,19.12799,8.220614804,5.79692191,0.27268,1.4509675,12.349895,12.7900125,15.41313,1511.836735,0.5,0.268763499,0.155507559,0.575728942,4.24136,3.82349,4.032425,19.09539,119.1506036,12.60208047,1.89502217,78.15809645,0.980036024,0.014060027,0.005903949,326.5399589,1.292,-0.257007613,1.305911187
1793,38.01329727,24.00612,1.995284252,3.006119011,0.28989,0.59106,1.03882,1.51758,10.43404,11606.04938,0.499856397,0.885096108,0.008243892,0.106660001,3.40141,4.936269999,4.16884,23.97608,103.5011392,12.62101382,1.83887937,78.44675237,0.989565131,0.003044341,0.007390528,63.15190138,1.018,2.537127326,8.14172333
1794,9.62286579,19.98462,3.739988556,3.93165327,0.3447335,0.9581,2.05671,4.481215,12.5061445,2153.968254,0.5,0.492925571,0.302394989,0.20467944,4.64147,4.66189,4.65168,19.95279,142.2939498,14.39770437,2.882867578,64.09433538,0.911774184,0.076859655,0.011366161,207.6784654,1.334,1.329329775,3.508542461
1795,11.24241392,19.93533,3.893255929,3.358488304,0.488232,1.41343,3.00292,4.75711,9.8218715,2342.619048,0.5,0.351458482,0.423671105,0.224870414,3.67215,3.04896,3.360555,19.75955,84.40752167,11.23116312,2.639462054,0,0.96612875,0.02391774,0.009953509,177.3225052,0.743,1.524646385,5.453632793
1796,8.040179909,23.44398,3.60811454,3.918513275,0.255222,0.958945,2.1498,6.4287675,12.5040375,1332.105263,0.5,0.458909522,0.277755828,0.26333465,2.94767,2.29493,2.6213,23.31927,47.43729126,7.781061299,1.912063981,0,0.990890274,0.007301838,0.001807889,291.5852663,0.32,1.694013552,5.750739913
1797,5.615789349,14.20594,1.253124159,1.390259566,0.133024,0.40467,0.68232,1.5716,3.9267,6888.333333,0.499637068,0.777643358,0.202516332,0.01984031,0.89705,1.137920001,1.017485,14.16767,3.791379422,3.148199739,2.821956287,0,0.973656333,0.023577493,0.002766173,252.9642606,0.166,2.812913311,16.30036415
1798,34.16221012,21.7797,4.637448725,3.408562413,0.50029,1.57158,3.8206,7.1652,10.526314,23172.35294,0.499987307,0.278628183,0.304038789,0.417333029,1.54221,2.23525,1.88873,21.7489,18.94866809,5.79242349,1.152186845,0,0.999148457,0.000342179,0.000509365,63.75377918,0.937,0.691410591,2.952221924
1799,99.59280993,23.69327,3.286216169,2.9778801,-0.278535,0.81707,2.621455,5.16777,9.366598,118716.6667,0.5,0.307960129,0.331457953,0.259174505,1.71213,2.08516,1.898645,24.40015,26.09908054,5.972723399,1.412356378,0,0.986767768,0.006747135,0.006485097,23.79014109,3.997,0.941975572,3.574725908
1800,24.34164383,23.82867,4.133522725,2.926799084,0.502398,1.50394,3.61833,6.31291,8.979908,5093.478261,0.499985773,0.285616731,0.373737374,0.340645896,4.26701,2.84872,3.557865,23.73748,93.6101959,10.77266276,2.358559251,0,0.983250537,0.013905427,0.002844036,97.89260808,1.061,0.904177493,4.403628029
1802,15.58216927,23.4639,4.832241577,3.353818165,0.5806675,1.72376,4.258675,7.57303,10.0954325,5261.234568,0.5,0.263891496,0.307537075,0.428571429,3.02289,3.57293,3.29791,23.17336,100.9849819,10.60409834,2.095124294,71.00630829,0.965529526,0.021427405,0.01304307,150.5817296,1.295,0.698477508,3.832940589
1804,15.45968447,25.4426,3.717012958,3.835264712,0.42271,1.07188,1.82813,4.72135,12.49485,2945.405405,0.49995412,0.530051386,0.231602129,0.238346486,3.06258,4.08673,3.574655,25.15206,98.00303088,11.11625206,1.150791606,0,0.987051984,0.004555173,0.008392842,164.5738634,0.544,1.50710239,4.62412752
1806,64.49369646,24.58629,2.673716224,2.338923354,0.18362,0.86794,2.1802,3.86138,6.9629475,87107.02703,0.499978281,0.46573026,0.385636185,0.148633554,1.88174,3.94712,2.91443,24.55625,47.02977578,9.534430082,1.430313808,0,0.992704628,0.003222025,0.004073347,38.12200471,1.991,1.568028796,6.981024277
1807,23.12360752,15.39905,4.698523865,3.107405433,0.6918245,2.28496,4.2606,6.443065,10.546136,4510.277778,0.5,0.190921968,0.414690727,0.394387305,6.01339,5.88684,5.950115,15.39891,197.3328863,17.74166695,1.99780594,56.06734354,0.902195593,0.05926008,0.038544327,66.59449651,2.65,0.84239467,3.238829204
1808,4.26721315,5.56558,2.580184972,1.211113411,1.092324,1.6195175,2.262535,3.4766175,4.8751375,1103.448276,0.5,0.385,0.586875,0.028125,2.70145,1.58197,2.14171,5.53018,5.082843721,6.68392505,1.42090813,0,0.973020369,0.013725693,0.013253937,130.4265759,0.17,0.614857537,2.44595566
1809,5.201398671,34.04617,4.067680097,5.149660046,0.19253,0.78836,1.714015,4.9164825,13.761298,235.8333333,0.5,0.516784452,0.246466431,0.236749117,2.81101,2.88848,2.849745,34.00134,71.34326554,8.91501878,1.541198528,77.10754815,0.986018596,0.008248453,0.00573295,654.5579786,0.132,2.128545221,8.236165252
1810,12.1506021,24.78779,4.200057875,3.968980668,0.342578,1.16675,3.39649,5.93701,13.062246,2272.894737,0.49994211,0.372004168,0.291304851,0.336690981,2.81239,2.023920001,2.418155,24.67451,44.81623879,7.792415056,1.626733745,0,0.996883185,0.002276611,0.000840205,204.004623,0.383,1.813327283,7.190358599
1811,14.03953082,23.26253,3.176798865,2.876928525,0.5365575,1.22966,2.66374,3.9377325,7.115538,3388.333333,0.499877029,0.394982784,0.446384653,0.158632563,2.12337,1.84779,1.98558,22.96463,27.54612284,6.093447806,1.603219114,0,0.997185935,0.001083827,0.001730238,165.6930727,0.306,2.694358585,13.22973151
1812,55.36022042,29.99216,3.546125597,2.901447996,0.325804,1.69828,3.18546,4.64309,8.067558,26829.86111,0.499997412,0.26324835,0.496803417,0.195900091,3.09181,4.840829999,3.96632,31.3725,154.6093637,12.0721125,2.002849142,0,0.988815959,0.008173077,0.003010964,54.17637389,2.474,2.918067288,19.48446782
1816,19.64037246,14.87177,3.25295722,2.497222256,0.433442,1.42486,2.5395,4.608875,9.163108,35294.54545,0.499974243,0.372900783,0.407054914,0.220044302,1.67822,1.846670001,1.762445,14.6797,15.05883393,5.546964481,2.013296731,0,0.993849389,0.003589817,0.002560794,75.7204072,0.649,1.298090663,4.546005416
1817,13.89532766,16.44224,5.50108864,3.232438245,1.583228,2.88098,4.83169,7.45389,11.813406,6168.018018,0.499978091,0.111998832,0.405696341,0.482304827,4.30805,3.70572,4.006885,15.16875,105.0435555,12.29269071,1.62906589,74.16414328,0.968428598,0.016386234,0.015185168,118.3292716,1.959,0.858528074,3.011693331
1818,9.084894289,15.08764,4.670838286,3.29257307,0.5146455,2.04907,3.83203,7.8843,10.3289055,7256.734694,0.499971877,0.242983295,0.399656899,0.357359807,2.80432,2.797160001,2.80074,15.05676,40.25399113,8.427021211,2.419483711,0,0.980980702,0.013476327,0.005542971,166.0739192,0.903,0.632143975,2.43426938
1819,9.576158791,15.50224,3.614497207,2.205824629,0.454086,2.05566,3.2934,5.072945,7.035061,6628.269231,0.499985493,0.240316825,0.501813329,0.257869847,2.95741,2.55499,2.7562,15.4719,45.50233479,8.493497432,1.501769438,0,0.969895888,0.016803545,0.013300567,161.8836982,0.836,0.967137991,5.036915178
1821,50.68606161,19.88414,4.457621452,3.647456026,0.44707,1.420825,3.57573,6.59532,12.074085,46577.69231,0.499991742,0.312331753,0.335502304,0.352165943,1.87099,1.04562,1.458305,19.76932,13.35223315,4.77222878,2.153455962,0,0.996011924,0.002890334,0.001097742,39.22999612,1.564,1.075716838,3.645924276
1825,9.000557875,21.37722,2.031174272,1.68466094,0.486496,0.98924,1.62673,2.61855,4.28054,1717.777778,0.499676585,0.532341527,0.438874515,0.028783959,2.30932,1.32777,1.818545,21.2122,20.07337933,5.873068522,3.518914482,0,0.979606906,0.017102994,0.0032901,237.5099443,0.17,4.86287059,43.22144195
1827,3.234779283,18.44425,2.287616175,2.809458604,0.14398,0.35501,1.40759,3.5283,5.638195,1066.428571,0.5,0.501339585,0.415271266,0.083389149,2.3208,2.17413,2.247465,18.41398,22.63750548,7.043271255,3.555071062,0,0.957289407,0.040039444,0.002671149,570.185734,0.15,3.304965385,18.82755813
1828,6.481385347,30.56001,4.239213865,3.513308294,0.61338,2.39792,3.413855,5.5313125,8.105025,1356.41791,0.5,0.16268706,0.541868398,0.295444542,5.01866,3.66507,4.341865,30.52591,228.2933336,14.22267735,3.238662219,32.6412641,0.819350564,0.162480792,0.018168645,471.5042906,0.742,3.132426595,18.52278451
1829,12.23332455,30.18836,8.790937968,7.907473889,1.176926,1.56208,2.39119,14.41293,20.095232,273.5051546,0.499811534,0.439125518,0.084432718,0.476441764,4.15843,3.59492,3.876675,29.16046,146.4514343,11.97575975,1.346510117,82.32473449,0.992104465,0.004985837,0.002909699,246.7715122,0.27,0.410737279,1.672354598
1830,71.62424469,26.79397,4.300524797,4.377101021,-0.351915,0.591095,2.74967,7.55889,12.961958,28029.51613,0.499991369,0.305357831,0.204743847,0.363441764,2.92985,3.344409999,3.13713,27.64095,100.1704474,9.366255569,1.089402858,0,0.997296411,0.000408768,0.00229482,37.40907861,3.424,0.849565328,2.709510723
1831,6.795590646,28.76066,5.938645936,7.438254201,0.424466,0.95415,2.0432,6.50144,19.333078,761.4,0.499868663,0.490675072,0.231678487,0.277646441,3.74051,2.76556,3.253035,28.61089,88.87756195,9.807285124,1.358281363,0,0.995673652,0.003137875,0.001188472,423.2253162,0.346,1.283765688,3.135967224
1834,7.573677623,19.24017,2.654723934,2.530751411,0.44477,1.11175,2.08355,3.19366,8.92638,1562.727273,0.499903044,0.473918945,0.43552453,0.090556525,2.09091,2.40063,2.24577,18.94957,35.59208208,7.248421779,1.099375542,0,0.99209054,0.001351775,0.006557684,254.0399916,0.207,2.698343417,12.31640119
1835,15.64181835,23.84455,1.893592553,2.139507199,0.152294,1.30722,1.57614,1.79807,5.53493,2375.769231,0.499919055,0.7513356,0.19750688,0.05115752,2.12746,1.57302,1.85024,23.8092,33.79831124,6.140828663,1.205417943,0,0.989310237,0.004302401,0.006387362,152.4410364,0.254,4.624723643,31.326877
1836,64.49369646,24.58629,2.673716224,2.338923354,0.18362,0.86794,2.1802,3.86138,6.9629475,87107.02703,0.499978281,0.46573026,0.385636185,0.148633554,1.88174,3.94712,2.91443,24.55625,47.02977578,9.534430082,1.430313808,0,0.992704628,0.003222025,0.004073347,38.12200471,1.991,1.568028796,6.981024277
1839,9.844268389,25.87085,5.041339109,5.018100696,0.380866,1.24722,2.8544,7.9019,13.300228,7199.779412,0.499984681,0.361959619,0.31088575,0.327154631,5.08152,4.36148,4.7215,25.7236,179.5621296,14.32522791,1.437792983,81.46083893,0.986104367,0.008865244,0.005030389,262.8011446,1.571,1.098018539,3.056008847
1840,15.47516472,17.67618,4.030237152,2.743474563,0.6460745,1.616115,3.67041,5.6683,8.8171815,3923.396226,0.499951909,0.287823411,0.367509859,0.344666731,2.26415,3.3421,2.803125,17.28666,38.24179276,8.886463135,2.650174193,0,0.982216484,0.015746922,0.002036594,114.2228876,0.425,0.810998522,3.250735906
1842,29.20845852,21.25019,6.16681435,3.705997801,0.5013125,3.28403,5.89793,8.9217975,12.4753075,7080.19802,0.5,0.141756398,0.274423158,0.583820445,4.82668,3.3045,4.06559,21.21998,108.2938839,13.13784144,1.18709847,0,0.996707205,0.002244471,0.001048325,72.75354838,1.682,0.284239555,2.361309719
1845,5.346180801,6.74957,2.061767838,1.272535945,0.369428,1.05221,1.95721,2.62864,4.431453,3492.5,0.5,0.517537581,0.457766643,0.024695777,1.12123,1.277509999,1.19937,6.6666,2.083189206,3.633496298,1.795199437,0,0.994981773,0.003571335,0.001446893,126.2503131,0.12,0.824641386,3.546503113
1848,27.73705452,14.57666,2.49621888,2.552593875,-0.394932,0.4141,1.90958,3.86124,7.96948,31974.71545,0.499996186,0.370165451,0.320428489,0.161977579,4.61189,3.57815,4.09502,15.20736,112.2246044,13.62045819,2.260427512,0,0.933946633,0.052036776,0.014016591,52.55302069,4.302,0.994686428,3.374493462
1849,7.083538734,12.30889,5.274528584,3.367937501,0.63253,2.10831,5.34402,8.43381,10.29253,9079.558824,0.499910918,0.228907857,0.22864871,0.542443433,2.61443,3.56902,3.091725,12.01828,47.96709101,9.815184552,1.330371116,74.91559701,0.976906363,0.008243763,0.014849874,173.7675259,1.535,0.006531399,1.440760792
1850,14.78746203,7.80363,3.75748227,2.414591388,0.57595,1.65872,3.1819,6.31432,7.20659,24591.22449,0.499987552,0.322754923,0.344166245,0.333078832,2.28236,3.38327,2.832815,7.57318,15.94547751,8.60492448,1.565235967,0,0.97672481,0.015890259,0.007384931,52.77193601,0.964,0.298869532,1.600063809
1851,5.591711739,4.26178,2.36728916,1.024795333,0.4136875,1.812695,2.244375,3.29017,3.82992,5627.058824,0.5,0.330127535,0.669872465,0,1.37865,1.94034,1.659495,3.9731,3.021237869,5.141377664,1.552462034,0,0.919944474,0.041245302,0.038810225,76.21601755,0.436,-0.349138682,2.2728341
1852,6.132358815,16.09635,5.267917399,3.382883412,0.362355,2.55622,4.54499,7.87611,10.5441,18518.32487,0.499998629,0.193766087,0.343778011,0.462455902,6.7832,4.715009999,5.749105,16.06631,241.3519245,17.78879058,2.015426818,41.3047266,0.713594608,0.216296494,0.070108898,262.4821946,5.748,0.428447408,2.400391122
1860,20.74702318,14.7028,5.719047908,2.765688976,2.02233,3.5066,4.39374,8.87196,9.70706,45866.51899,0.499979302,0.048707656,0.488996,0.462296344,7.06745,6.94157,7.00451,14.60941,262.0074063,21.68804834,2.201707614,56.90775705,0.784574484,0.172398073,0.043027443,70.86703414,7.622,0.200436459,1.615290348
1861,11.78415535,14.62492,5.307823479,3.574594087,0.37188,1.91577,5.56007,8.96878,10.328265,9477.903226,0.5,0.250531797,0.205052499,0.544415704,4.09393,4.86716,4.480545,14.59489,114.9138627,14.05742752,2.088939166,67.53662243,0.928845194,0.047579127,0.023575679,124.1066463,2.809,0.09160722,1.543677599
1863,58.90830811,26.65916,4.284322921,4.576416189,-0.79164,1.20713,3.14867,6.89769,10.839204,13485.77689,0.499986706,0.211121057,0.240778982,0.383505715,6.01102,5.855789999,5.933405,27.80542,464.7687401,18.38631467,1.567249668,66.60286695,0.967437648,0.015150628,0.017411724,45.25534828,5.181,1.937113856,8.926659142
1865,17.13204556,14.2484,5.131727786,3.710079395,0.91938,2.24122,4.04121,6.794615,12.9399,5202.3,0.499971167,0.225727082,0.366491744,0.407781174,3.5457,4.79889,4.172295,13.5983,70.31307989,12.52289822,1.251478454,76.11774334,0.985322907,0.000631673,0.01404542,83.16811877,1.56,0.894956393,2.754277899
1868,33.97908555,16.40239,4.669048586,4.254470986,0.5322,1.39075,2.9619,6.5587,12.98234,8075.059524,0.499988943,0.388092377,0.289722175,0.322185448,7.75681,3.58829,5.67255,16.37208,162.4015206,17.93157085,2.917257531,0,0.978134355,0.016613681,0.005251964,48.27201714,2.354,1.001241549,2.59823237
1869,17.11119223,20.35593,6.229193256,5.493770059,0.382668,0.70934,1.76702,11.318555,12.434093,4047.5,0.499938233,0.502408894,0,0.497591106,2.36456,1.54179,1.953175,20.09501,12.8953788,6.133533516,6.251417769,0,0.997778582,0.001663768,0.00055765,118.9626633,0.236,0.075935049,1.184146016
1871,30.49775787,16.57226,7.262057688,4.652460203,0.650358,2.91618,6.22809,12.02034,13.60277,4752.323529,0.499947394,0.164309718,0.238019792,0.597670489,6.82792,6.910250001,6.869085,16.54201,310.0540704,21.36766153,1.320795597,64.15741688,0.950157355,0.00537553,0.044467115,54.33927331,4.79,0.024918936,1.474925536
1873,15.08596189,18.84028,3.860692586,5.069410898,-0.29911,0.47079,1.89898,4.79253,15.27834,1497.564103,0.499957195,0.429158462,0.240390378,0.244242787,3.39609,3.39779,3.39694,19.61428,65.8714724,10.8907475,3.206078387,0,0.996303393,0.000903129,0.002793478,124.8861699,0.537,1.607923798,4.36617767
1874,23.59036746,20.43586,15.12378262,5.955867791,0.680788,13.21134,18.37896,18.89864,19.501478,2159.65,0.499988424,0.125298081,0.001227051,0.873474869,4.84703,5.92886,5.387945,20.40048,303.7636011,16.67862726,1.417285158,74.60234062,0.959082395,0.026121051,0.014796554,86.62798505,2.553,-1.628683812,4.313097133
1875,10.97189327,22.35034,10.81167848,5.559969758,0.764182,7.58934,12.47484,14.67809,18.293526,858.8372093,0.499864609,0.151909017,0.054698077,0.793392905,2.83189,2.38327,2.60758,22.30623,65.48466547,8.368529157,2.214875541,0,0.97942868,0.016322727,0.004248593,203.7054084,0.498,-0.692664752,2.28031276
1877,7.144750551,6.81093,2.926100509,1.94697381,0.07998,1.25649,2.62417,4.25771,6.37149,5965.862069,0.4999133,0.371019016,0.435350558,0.193630426,1.34809,3.896009999,2.62205,6.78088,9.984851417,8.526018843,1.555337063,0,0.982243384,0.00981728,0.007939336,95.32775079,0.359,0.414501231,2.024964527
1878,4.286525072,28.9948,7.837282374,5.223982518,1.355554,3.68257,5.35545,14.165465,15.12961,2450,0.499972789,0.065034014,0.370721088,0.564244898,5.20343,2.3776,3.790515,28.91477,123.8227038,12.08321192,1.85524462,70.56031147,0.976614874,0.014229286,0.00915584,676.4173664,1.457,0.349905638,1.425218462
1880,32.61982414,20.75337,6.203146669,4.139896629,0.71031,2.21934,6.20335,9.68943,12.462844,10472.76923,0.499992655,0.212433711,0.234953653,0.552230694,3.64485,3.02694,3.335895,20.76001,73.09971933,10.13231579,1.581171815,0,0.995307193,0.00248323,0.002209577,63.62195551,1.911,0.194863889,1.772413196
1882,14.04680981,26.21466,5.561899779,5.732067332,0.641074,1.46533,2.84852,11.463725,16.938952,1439.013333,0.499990734,0.376572837,0.344013491,0.279413672,8.75936,11.30672,10.03304,25.9469,416.1198995,29.06538183,1.929409826,77.25214581,0.984096584,0.0078529,0.008050516,186.6235846,1.52,1.199681312,3.253172189
1883,15.3007237,10.18798,3.722466921,2.071508072,0.86609,2.009885,3.35228,5.38782,7.103655,2068.958333,0.499949653,0.245393213,0.423320914,0.331285873,1.89969,4.24431,3.072,9.7142,18.00904701,9.739095677,2.398506547,0,0.983377048,0.013957272,0.002665679,66.58495508,0.424,0.427925528,2.245852449
1884,6.354971745,35.21949,6.872786414,5.880403921,0.334428,1.3150725,8.038785,9.1470275,17.2163535,3425,0.5,0.333159541,0.115328467,0.551511992,1.7038,2.16701,1.935405,35.09892,64.28789682,6.337626046,1.78754351,0,0.995609061,0.002375377,0.002015563,554.2037229,0.663,0.778164412,3.451552114
1885,8.292839644,25.91922,8.217482674,4.958116261,0.658056,2.49571,10.84835,11.59652,14.775466,1348.529412,0.499890949,0.204143948,0.113849509,0.682006543,2.49921,2.95525,2.72723,25.82138,53.76415927,8.2928132,2.801571031,0,0.984018585,0.013252548,0.002728866,312.5493934,0.473,-0.151668734,2.550410741
1886,6.283115944,25.92245,5.061058269,5.903700305,0.4505775,1.02024,2.603495,8.9890975,17.838742,2488.571429,0.5,0.429391504,0.287313433,0.283295063,1.80294,1.11699,1.459965,25.89148,24.13240492,4.716713987,1.576148167,0,0.997254573,0.001490619,0.001254808,412.5731601,0.327,1.691779521,5.184740922
1887,23.35745293,31.01064,7.258812277,4.737676977,1.183396,3.48538,6.1332,10.93363,15.08543,5674.615385,0.499986444,0.105490037,0.294808188,0.599701776,3.41444,3.0175,3.21597,30.77514,116.0964116,10.60567673,2.618157132,0,0.979914351,0.015571985,0.004513664,132.7655036,1.842,0.761707041,3.184477427
1888,13.1684238,23.5387,4.95441285,3.852720446,0.41722,1.673755,3.63365,9.72836,11.027,5220.625,0.499940141,0.26888543,0.359711082,0.371403488,2.87936,3.32433,3.101845,23.49404,52.29324236,9.305053577,1.713230425,0,0.989429303,0.00686961,0.003701087,178.7510818,0.854,0.614297213,2.18090398
1889,15.10347768,18.86547,4.68606306,3.16852942,0.76574,2.06066,4.36169,6.12207,9.9817,3577.46988,0.499983161,0.233320985,0.338665679,0.428013336,3.74165,3.90839,3.82502,18.63863,94.1074121,11.43779226,1.614652921,0,0.983204822,0.010754831,0.006040347,124.9081198,0.898,0.98259568,4.272669404
1892,8.824161065,18.66081,8.352154355,5.280994232,0.74007,2.06118,10.92972,13.02779,13.196526,1034.236453,0.499976185,0.234960705,0.150654918,0.614384377,8.65735,5.326189999,6.99177,18.22519,169.9197062,21.26704472,9.132975233,0,0.890987609,0.105752923,0.003259467,211.4740411,0.669,-0.336145066,1.395178245
1894,31.95291114,23.00164,6.202359468,4.160270419,0.707755,3.18124,5.57366,8.122765,15.00094,1508.321033,0.499993884,0.139986055,0.306185857,0.553828088,8.22005,10.64153,9.43079,22.96622,826.6332992,30.04886289,3.669546451,38.98902183,0.798678487,0.163533676,0.037787837,71.98605442,1.838,0.958444639,3.773433898
1895,24.95980659,25.67601,5.430898842,5.212171651,0.50192,1.66122,3.80344,7.14418,17.071987,6769.875776,0.499995413,0.279508234,0.322757925,0.397733841,4.4923,5.70598,5.09914,25.64595,280.6486063,15.51774112,1.742718365,81.40056897,0.966090891,0.028265443,0.005643666,102.8694269,2.148,1.592400624,5.113132532
1896,16.4332523,28.70632,3.258540686,3.080307062,0.36794,1.31289,2.47548,4.30699,8.46059,37427.96117,0.499994812,0.410909761,0.42307812,0.166012119,4.19073,3.27269,3.73171,28.57729,188.8408455,12.23655788,1.30574075,0,0.976860994,0.0095032,0.013635806,174.6843502,3.186,2.710391905,13.39526493
1898,12.21791,13.98682,2.834658084,2.892066435,0.616514,1.169105,1.93076,3.07664,10.606996,12333.63636,0.499992629,0.513628658,0.381248618,0.105122724,3.14282,2.566450001,2.854635,13.82561,47.81572994,8.860868862,1.705232747,0,0.984542237,0.010138924,0.005318839,114.4780081,0.575,2.48163363,8.871195508
1899,19.74705722,18.65087,5.277972019,4.58020544,0.28067,1.18883,4.87425,7.45983,14.370642,8875.942857,0.499983905,0.387184621,0.132705419,0.48010996,5.57589,5.15731,5.3666,18.49691,193.4477872,16.79044778,1.507001454,78.95728845,0.976654726,0.01512576,0.008219513,94.44885783,3.041,0.810662365,2.658420526
1900,124.6944139,27.60356,4.437504423,3.52772272,0.48791,1.52862,3.46258,6.45696,11.05926,23208.66485,0.499991782,0.296075881,0.354451617,0.349472503,6.01573,9.16968,7.592705,27.57342,536.1146064,24.45978392,1.044958612,67.07237357,0.973732138,0.002782006,0.023485856,22.13696599,9.345,1.054617968,3.780922586
1901,18.75271902,10.86395,3.15065378,2.320647688,0.530408,1.29708,2.64868,4.36138,8.698033,41661.6,0.5,0.364527527,0.450102732,0.185369741,4.55901,1.280859999,2.919935,10.83387,15.78015859,9.654997743,3.467741507,0,0.967794653,0.031044316,0.001161032,57.9326656,0.527,1.138713873,3.954738348
1902,18.6464325,16.20458,7.820088804,3.757542292,1.2741075,4.7774425,8.75218,10.18474,12.94309,17758.92562,0.499997673,0.082793892,0.195629715,0.721576393,8.20404,3.86617,6.035105,15.92567,171.3156525,20.28224363,1.515822139,72.70313893,0.962407579,0.018473835,0.019118586,86.9044521,3.766,-0.318945628,1.912606379
1905,94.39206736,29.00967,3.494768185,2.913393948,0.29506,1.09507,2.83287,5.19795,9.0803915,28868.16143,0.499992233,0.390226171,0.343816018,0.26595781,5.41962,6.444949999,5.932285,28.97958,306.7613046,18.25881175,1.226631766,0,0.980666282,0.004295535,0.015038183,30.7331652,4.655,1.138516615,4.305701562
1906,5.358628541,19.30067,5.793149212,4.08639031,0.599004,2.09086,4.395185,9.7592275,11.541756,5256.862745,0.5,0.235621037,0.295859754,0.468519209,3.82878,2.06202,2.9454,19.11493,45.60770378,9.733826337,1.681153688,0,0.969170761,0.02680293,0.004026309,360.1792857,1.029,0.2829976,1.771677493
1907,38.31751744,31.36494,3.749605394,3.166358121,0.359716,1.29445,2.85351,5.14792,10.3075,41441.7,0.499991554,0.353556925,0.385905984,0.260537092,4.03198,2.92352,3.47775,31.35254,139.0252001,12.12711891,2.302347572,0,0.981989982,0.013572054,0.004437963,81.8553552,3.382,1.1970387,3.877760549
1908,17.87828914,32.30178,6.750289369,5.4665069,0.8905275,2.55662,5.149505,10.8001,13.143052,4632.977099,0.5,0.17784881,0.311589666,0.510561524,5.67791,3.747579999,4.712745,32.26281,197.3820282,14.64762723,3.010830798,0,0.971468131,0.025411129,0.00312074,180.676013,1.852,1.502838733,6.213562826
1910,8.23231644,31.13793,11.24462691,5.405315262,2.22835,9.491075,12.073,13.89351,21.49258,3870.691358,0.499971294,0.04170627,0.125488795,0.832804935,10.09661,6.15123,8.12392,31.10775,737.5220845,25.21792569,2.382572057,33.11973983,0.800569223,0.161894743,0.037536034,378.240198,6.489,0.443078804,4.319512163
1912,86.96478059,26.4317,4.787074518,4.003570525,0.43828,2.02472,4.02826,6.22772,14.492634,28377.88462,0.499983058,0.246840375,0.373164368,0.379995256,2.3216,3.40301,2.862305,26.40161,94.80446834,9.119403809,1.131932801,0,0.995284546,0.00021522,0.004500235,30.39356832,3.676,1.691807513,6.389100683
1914,5.255679802,31.33578,12.02081742,4.161572014,1.73128,10.50988,14.20016,14.64367,15.244912,2046,0.49997875,0.054188448,0.041055718,0.904755833,5.47966,2.79948,4.13957,31.11714,182.9486369,13.61418794,1.776503933,63.82488766,0.953086042,0.027487639,0.01942632,596.2269617,1.709,-0.964574913,4.712630236
1915,4.343328158,12.44904,7.983278495,4.210865521,0.882655,5.260165,8.69157,12.22434,12.401159,787.5,0.49968254,0.145396825,0.100952381,0.753650794,1.66178,2.47572,2.06875,12.08267,14.44422966,6.42208403,5.132774467,0,0.979243053,0.019787305,0.000969642,286.6244398,0.172,-0.44252155,1.73104234
1916,6.914375176,15.55145,4.843312747,3.187953273,0.2093525,2.9009025,4.86675,6.2167225,11.266268,1635,0.5,0.181447503,0.323139653,0.495412844,1.36671,1.52637,1.44654,15.47736,5.859303281,4.411090786,2.299908314,0,0.997679975,0.001177439,0.001142586,224.9147552,0.152,0.557497619,2.888566338
1917,32.51885079,19.39535,3.962691384,3.312796423,0.50699,1.5045625,3.09488,5.27164,10.87378,41649.04762,0.499988567,0.313315345,0.407395127,0.279289528,2.71568,2.79204,2.75386,19.17486,39.33107941,8.270687145,1.576255514,0,0.995693995,0.002621007,0.001684998,59.64340537,1.583,1.591280912,5.735165331
1920,10.2030398,11.40631,3.613273107,2.36083696,0.374601,1.50135,3.58338,5.340795,7.829615,4316.666667,0.4998713,0.274217074,0.422479622,0.303303303,2.12883,1.97679,2.05281,11.37457,15.06387577,6.201732905,1.834507492,0,0.993723073,0.004006606,0.002270321,111.7932521,0.424,0.41756584,2.498508103
1927,10.69049756,23.33165,3.713646474,3.372512931,0.39843,1.23562,2.88027,4.99563,10.40222,609.3644068,0.499965232,0.357624644,0.392531813,0.249843544,6.3855,4.80204,5.59377,23.3016,285.3016038,18.17327973,2.883969559,57.70705002,0.898816234,0.084321929,0.016861837,218.2466239,0.856,1.972489579,8.897012486
1929,97.33046494,32.428,5.110994755,4.178051019,0.52816,1.67913,4.04949,7.29925,14.29729,3869.92278,0.499975058,0.267691632,0.321726811,0.410581557,6.21645,7.27839,6.74742,32.39765,356.5972578,20.70885052,2.399269136,61.07427419,0.945542699,0.042742164,0.011715138,33.31742021,3.359,1.183726263,4.455151332
1934,6.823605638,6.84073,3.648139479,1.876527579,1.000001,1.63444,3.52726,5.306945,6.563341,570.9302326,0.499796334,0.267617108,0.421588595,0.310794297,2.68627,2.09112,2.388695,5.95678,12.97849473,7.821722055,1.210104376,0,0.955868689,0.018831924,0.025299387,100.2509577,0.261,0.09491388,1.721438433
1935,30.43445916,13.75264,2.745777844,2.099066243,-0.28423,1.22839,2.74557,3.95661,6.05281,6933.703704,0.499973292,0.302067197,0.525239036,0.109021954,2.09692,2.23292,2.16492,15.12561,23.02010444,6.714137629,1.236860717,0,0.994490761,0.001527708,0.003981531,45.18772595,0.624,1.120388835,6.221316864
1936,8.601129321,12.87312,3.437352068,3.744088983,0.444373,1.18522,1.79337,4.08085,12.613536,357.2222222,0.499222395,0.513219285,0.255054432,0.231726283,1.47969,2.0082,1.743945,12.83886,13.20123949,5.20840518,1.452064758,0,0.989024552,0.0075701,0.003405349,149.667788,0.106,1.507784068,3.929327782
1938,10.04193232,18.66156,3.943645443,2.852055496,0.905562,2.1345525,3.16705,4.5752225,9.1193985,1746.315789,0.5,0.213682942,0.572634117,0.213682942,1.39245,3.23779,2.31512,18.16432,17.21620405,7.547078525,4.149180693,0,0.992370261,0.007191925,0.000437813,185.8363452,0.221,1.611006688,5.855708336
1941,17.15646594,13.5138,5.036925125,2.564884751,1.5563285,3.22467,4.566585,6.30243,10.2071465,16030.52632,0.5,0.090255434,0.482992974,0.426751592,1.99769,1.53595,1.76682,13.37776,19.03290438,5.424359016,2.353066289,0,0.993909826,0.004460695,0.001629478,78.76797034,0.9,0.810422889,3.109606809
1942,14.66367723,12.0761,8.843981304,3.739195281,1.347038,7.52215,10.69806,11.80633,11.949766,230,0.495652174,0.147826087,0.057971014,0.794202899,2.04784,1.43934,1.74359,11.65832,11.08003531,5.433629158,1.68319192,0,0.988400498,0.006513601,0.005085901,82.35383122,0.068,-1.143710188,2.821139282
1945,3.924202477,16.38657,12.60210456,3.78925307,3.683702,13.6151275,14.1085,14.2962725,15.0707655,851.0344828,0.499189627,0.021069692,0.131280389,0.847649919,2.10827,2.49819,2.30323,16.26538,27.99390013,7.136202244,1.908024546,0,0.985071439,0.010140247,0.004788315,417.577077,0.285,-1.899787457,4.931633312
1946,7.670633686,16.37749,8.12814708,4.911221211,1.6797625,3.7858625,5.74277,13.39833,13.6942745,914.8571429,0.5,0.114615865,0.301061836,0.584322299,2.28539,2.450920001,2.368155,15.85533,34.30969696,7.494350118,1.11734182,0,0.991268581,0.002475046,0.006256372,213.5089573,0.377,0.093835636,1.293804791
1948,67.20367206,23.22207,5.976904966,4.444484252,1.05946,1.96949,4.40945,9.193655,13.5228145,2278.196721,0.499982011,0.25354393,0.29445204,0.45200403,5.09688,7.08978,6.09333,22.43505,257.7172341,20.13051893,2.065221581,51.40293512,0.972776734,0.020585075,0.006638191,34.55476358,2.32,0.666841504,2.187246678
1949,22.82790063,16.44015,4.304354648,2.874394379,0.76222,1.93934,3.28559,6.49824,9.675458,3664.146341,0.499988906,0.258448157,0.336794693,0.40475715,5.69245,2.93114,4.311795,16.12933,107.9492385,14.78991602,4.711419809,0,0.927053841,0.069652656,0.003293503,72.01779202,1.086,0.741076839,3.127678407
1951,9.283821725,19.80989,2.764465805,2.114933778,0.5387,0.99228,2.45825,4.09124,5.299955,2611.294118,0.499954947,0.426563345,0.426247973,0.147188683,3.19327,3.386890001,3.29008,19.59089,75.64631911,10.94365002,1.759065963,63.56098121,0.91217523,0.054326925,0.033497845,213.380767,0.711,2.018790166,12.00244641
1952,9.897227131,18.19177,4.442519176,3.162092605,1.716998,2.35804,3.669495,5.3607875,12.5663465,212.3684211,0.5,0.055762082,0.566294919,0.377942999,2.83378,5.27063,4.052205,17.62625,70.47011142,12.36031151,3.389177871,55.27795418,0.818472652,0.165256888,0.01627046,183.8067345,0.169,2.635196924,10.77330047
1953,7.675548819,15.23866,3.711064097,3.966043071,0.5605685,1.3052175,2.41793,4.15172,13.217505,51.42857143,0.5,0.395833333,0.444444444,0.159722222,2.76586,1.80234,2.2841,14.79704,17.16029051,7.119424541,3.019604453,0,0.964561965,0.031007559,0.004430476,198.5351192,0.048,1.962308327,5.6336958
1955,35.12988648,21.97852,4.341453598,2.827066641,0.865398,2.60033,3.67504,5.246415,10.1776145,3047.04,0.499973745,0.167795631,0.557340895,0.274863474,2.72298,7.158559999,4.94077,21.94823,142.5390272,15.91353888,2.027594365,0,0.991256142,0.005620919,0.003122939,62.56359529,1.301,1.317711782,5.026614591
1956,15.93998487,18.20123,3.299765948,1.936516426,0.682944,2.09771,3.14898,4.34527,5.996266,3905.681818,0.499970905,0.234390457,0.627989526,0.137620017,1.56688,4.64645,3.106665,18.16553,34.59091705,10.06140914,2.589792378,0,0.992466584,0.006462734,0.001070682,114.185993,0.358,1.585492026,9.264202941
1957,2.431731055,18.55707,7.825107028,5.296662696,0.8510155,2.872855,8.020955,12.317665,17.0073205,270.7692308,0.5,0.1125,0.322727273,0.564772727,2.94604,3.13313,3.039585,18.20941,72.3682234,9.430666323,1.942333239,59.57798405,0.970659113,0.020742731,0.008598156,763.1218082,0.309,0.22988486,1.669919152
1961,11.19593431,15.39031,4.799159424,3.918549445,0.230266,1.499,3.139015,9.57071,10.22722,1611.076923,0.5,0.338044309,0.290488923,0.371466769,2.91009,3.930459999,3.420275,15.38977,64.35645431,10.4810681,3.201059596,0,0.972730663,0.023744286,0.00352505,137.4633824,0.579,0.570136873,1.945275616
1963,9.921477964,19.88478,3.7050457,3.163533267,0.31773,1.21464,3.28623,5.36555,6.81133,1440.917431,0.5,0.348529225,0.367502865,0.28396791,4.79572,3.76364,4.27968,19.8162,112.0066015,12.53788074,1.31774637,0,0.965835563,0.014973834,0.019190602,200.4215508,0.782,1.968230104,8.765022796
1964,15.23193218,28.12078,5.421989808,4.503118003,0.47509,2.00487,4.14409,6.8992525,14.173176,6572.222222,0.5,0.249809806,0.312552832,0.437637363,4.4333,2.58821,3.510755,27.98822,106.495241,10.8653862,1.842529787,0,0.982681741,0.009707144,0.007611115,184.6172873,1.56,1.255165117,4.854841631
1966,12.24460215,26.26236,5.106807664,3.991604248,0.547496,2.0015,4.52909,7.52725,13.84138,18106.81159,0.499995998,0.249485741,0.298822607,0.451691653,3.98141,2.43599,3.2087,26.15502,110.0932647,10.27560832,2.123793228,0,0.975535196,0.018031219,0.006433585,214.4811213,1.987,1.218850093,4.237758453
1967,39.84229439,21.24417,2.577497598,1.982793426,0.447247,1.11241,2.32811,3.60252,5.01097,16027.25806,0.499979873,0.42594773,0.52302529,0.05102698,3.80604,4.8154,4.31072,21.21025,136.001752,13.61718573,1.667765479,0,0.990216514,0.005991623,0.003791863,53.32064913,0.939,2.471155876,14.97396658
1968,95.22851488,29.37004,3.623879302,3.851200727,0.18702,0.83013,2.24346,5.08709,11.82883,95062.26804,0.499996747,0.462016215,0.282910604,0.25507318,4.57847,3.87483,4.22665,29.36522,197.4001396,12.38391567,1.294972495,0,0.991323323,0.002933423,0.005743254,30.84164448,6.6,1.770788444,6.428826801
1970,66.1967876,29.19891,4.030663017,3.691182318,0.40326,1.26904,3.23291,5.56775,10.8599325,13854.97268,0.499988168,0.367692647,0.329348521,0.302958832,6.98639,3.89084,5.438615,29.10028,307.0430357,17.25283322,1.756115716,0,0.981018123,0.011963606,0.007018271,44.10925523,3.463,2.077310235,10.11707827
1972,8.060753367,9.05222,3.255834751,2.231948351,0.5205995,1.44137,2.7662,4.5581,8.0900025,2098.235294,0.5,0.356812447,0.445121951,0.198065601,3.83972,3.45064,3.64518,8.77668,27.81455094,10.43956383,2.164260968,0,0.963528763,0.027696672,0.008774566,112.2999252,0.394,0.777348123,2.694463423
1973,18.58929381,2.09359,1.107846515,0.497993991,0.333278,0.697655,1.1163,1.4819,1.92892,58390,0.499914369,0.980304847,0.019695153,0,0.53483,0.78814,0.661485,1.83964,0.076683437,1.958390644,5.370601546,0,0.926449128,0.071623797,0.001927075,11.26234284,0.094,0.08223005,1.949996239
1975,22.78736149,20.74549,5.862354824,3.725783473,0.62964,2.8794,5.7329,7.82177,13.485235,7921.666667,0.499984972,0.140242253,0.245889814,0.592257522,2.2448,2.29721,2.271005,21.54419,44.31634053,8.044994605,1.318127076,0,0.998516378,0.000709523,0.000774099,91.03945629,0.937,0.66882409,3.236524077
1976,30.73952629,20.90194,5.433744837,3.41823678,0.91134,2.70553,4.75778,7.833525,11.80099,20404.13043,0.499994673,0.153272462,0.36432308,0.482404458,2.777,2.3433,2.56015,20.7044,48.64431865,8.188194446,2.80449634,0,0.990824977,0.00826108,0.000913942,67.99694895,1.425,0.637096975,2.647387039
1977,16.4191186,23.54561,3.157218185,1.950661599,0.45381,1.44087,3.04268,4.39229,6.823118,24022.72727,0.499981079,0.310501419,0.508798486,0.180700095,1.22607,1.26959,1.24783,23.51369,9.526916924,4.049126338,1.804233258,0,0.996903463,0.002537532,0.000559005,143.4036173,0.414,0.515651031,2.96753601
1978,8.725298963,21.96037,3.863678922,2.680158335,0.5301615,2.1946375,3.45529,5.03051,7.935546,3101.666667,0.499932832,0.2103036,0.534927458,0.254768941,2.18342,3.06272,2.62307,21.93008,49.92285077,8.341204005,2.01141086,0,0.988981935,0.006598292,0.004419773,251.6861611,0.318,2.329285399,14.74820175
1981,4.913542374,10.16407,4.155477014,2.986373779,0.70851,1.8075675,3.00924,7.8126975,8.915484,295.3846154,0.499565972,0.284288194,0.3984375,0.317274306,2.64574,4.69259,3.669165,10.06373,45.22096969,12.11832121,2.429044427,71.41584976,0.94022556,0.045603798,0.014170642,206.8582954,0.217,0.603168145,1.789258761
1982,4.913098591,12.1953,2.839913672,2.921722023,0.0713765,0.4225825,1.94658,4.3615475,10.102896,346.9565217,0.5,0.502255639,0.313533835,0.184210526,3.60615,3.89075,3.74845,12.16486,92.41906819,12.75443808,1.140632509,48.03147656,0.83834531,0.03650371,0.12515098,248.2201359,0.331,1.30777822,4.275301732
1983,3.429407502,16.66063,10.72834138,4.281397162,1.232144,9.98959,12.89425,13.54473,13.909714,324.0769231,0.49988132,0.095418941,0.076192737,0.828388322,4.0261,4.54316,4.28463,16.30995,108.1801877,13.39479285,1.691429491,72.87497418,0.938705413,0.04477233,0.016522257,485.816573,0.549,-1.348718234,3.310947728
1986,77.07135837,32.19994,6.151723461,4.051076901,1.24541,2.093775,6.01197,9.30854,12.287605,6567.8125,0.49997621,0.236158031,0.208830946,0.555011023,3.44405,3.7537,3.598875,32.16929,163.9681001,11.72384531,1.042576451,0,0.994956885,0.001497326,0.003545789,41.7793856,2.49,0.628050719,3.722123205
1988,7.909481975,13.09578,1.267297927,2.286693988,0.139086,0.36926,0.68567,0.96655,8.19126,980.8333333,0.498725573,0.93797791,0.003398471,0.058623619,1.62795,1.15442,1.391185,13.05355,6.289083641,4.394866651,1.083978127,0,0.995416825,0.003152923,0.001430252,165.5706409,0.058,3.709144126,15.84245175
1989,21.63434901,16.29501,3.297733343,2.846153621,0.22345,1.12167,2.38232,4.7797225,8.493405,767.4074074,0.5,0.416505792,0.367921493,0.215572716,4.69602,3.13051,3.913265,16.26498,45.57041701,12.24525676,3.129491928,0,0.961977851,0.033497266,0.004524883,75.32008471,0.27,1.538970217,6.08434269
1990,13.12507616,16.68547,7.568191717,6.367312745,0.12894,0.49332,9.98148,13.789595,14.91319,264.3333333,0.499909926,0.414339759,0.039812646,0.545847595,6.79711,5.25056,6.023835,16.65248,165.4239911,17.93241988,2.752241193,69.26053251,0.966982039,0.022958661,0.0100593,127.1266528,0.546,-0.093356518,1.152716726
1992,10.69494275,18.33461,5.695241113,3.673949053,1.43934,2.917185,4.69551,7.234815,13.66467,3672.735849,0.499987157,0.096272893,0.440111993,0.463615114,6.12439,3.945309999,5.03485,18.29547,83.88471671,15.33242162,1.457263551,0,0.9921909,0.005369783,0.002439317,171.4325212,0.825,0.981287974,3.079229439
1993,11.60918197,17.62049,5.008716999,4.51050354,0.5350355,1.5308275,3.69668,5.82175,14.218162,1252.982456,0.5,0.284234108,0.399607953,0.316157939,6.58451,4.07225,5.32838,17.5899,126.7994589,16.12025105,5.291082593,0,0.845719639,0.148316806,0.005963555,151.780634,0.901,1.188161463,3.183601723
1995,9.398603775,18.16335,9.444126848,5.493719693,0.750021,3.498545,13.22491,13.83375,14.488578,805.1190476,0.499926068,0.19370102,0.091083839,0.715215141,3.28341,3.790680001,3.537045,17.85334,65.58789517,11.04591197,1.615301878,80.41888422,0.98788894,0.006502028,0.005609032,193.2558328,0.757,-0.512057388,1.574106165
1996,17.26073582,16.94423,4.051194452,3.00923566,0.3976,1.61684,3.48433,5.79637,9.211975,55292,0.5,0.279944055,0.393932817,0.326123128,1.61024,1.455229999,1.532735,16.82288,16.30840992,4.699082999,1.296156061,0,0.99828067,0.001128027,0.000591303,98.16632489,0.662,1.187150586,5.026880146
1998,14.76297621,20.10632,5.634085121,5.559307574,0.3594325,1.14493,3.987945,7.5919175,16.27279,2517.454545,0.5,0.378520872,0.247797198,0.37368193,2.67141,4.10947,3.39044,20.02868,57.8903036,10.55021931,2.784099361,83.52132914,0.985991749,0.012169331,0.00183892,136.194218,0.658,1.077643645,3.006771511
1999,37.64110784,20.70379,4.645905055,4.023817855,0.4190295,1.304385,3.45125,6.77788,13.1486005,7762,0.499967792,0.373131925,0.241303788,0.385564288,2.08346,3.56977,2.826615,20.59104,28.87660825,8.755676494,1.385566263,0,0.996237705,0.002673779,0.001088517,55.0031367,0.891,0.928636317,2.841259736
2000,6.605719521,19.23141,5.73155648,5.713964561,0.5046,1.61471,2.57749,13.01356,16.62525,1061.186441,0.499920141,0.321034978,0.367193739,0.311771283,3.8613,2.67912,3.27021,18.89173,77.05998906,9.943579648,2.023492757,0,0.987868746,0.009540551,0.002590702,291.1327061,0.483,0.888152941,2.030510635
2614,7.385593043,18.73768,5.821413807,5.525745574,0.523506,1.1114,1.96821,10.82231,16.136026,2171.730769,0.499867174,0.51129018,0.055344018,0.433365802,2.91753,2.95594,2.936735,18.62291,62.32298452,9.496709234,2.525305104,0,0.993439536,0.003463891,0.003096573,253.7058282,0.469,0.602490884,1.842304083
2617,52.79245225,17.53826,2.716309317,2.881374323,-0.534762,0.2314,2.0389,4.35982,8.173856,7534.712042,0.499982628,0.306407343,0.304072599,0.200093112,4.45028,6.57668,5.51348,18.48264,189.8850214,18.05244734,1.637476919,0,0.977289861,0.011877971,0.010832168,33.22115047,2.356,1.129330332,4.350895306
2618,6.954913718,2.09669,1.137528723,0.52004727,0.368522,0.67799,1.10835,1.6477175,1.95399,4059,0.5,0.971544715,0.028455285,0,1.78703,3.492079999,2.639555,1.81396,1.353291704,8.152284832,3.501027295,0,0.657846767,0.314293743,0.02785949,30.1468873,0.108,0.089588789,1.749405068
2619,84.26316867,36.58863,5.665772957,4.468414828,0.577741,2.12337,4.56246,7.92586,14.8089305,15500.48193,0.499996114,0.229961758,0.311171825,0.458543846,5.25492,4.76373,5.009325,36.59838,352.3418375,15.82753025,2.424077802,0,0.977064148,0.018187389,0.004748463,43.42185391,5.043,1.02391973,3.647591667
2620,15.35040721,18.15733,4.322911983,3.472543613,0.36613,1.59733,3.56639,5.88771,12.22012,22383.80952,0.5,0.295845211,0.362240991,0.341913798,3.0591,2.20958,2.63434,18.1261,51.27892257,7.918449696,2.003780375,0,0.991769934,0.006262294,0.001967772,118.2856569,1.381,1.28318824,4.506915324
2621,8.866094788,15.18532,7.403874325,3.291460565,1.694922,5.3329,7.24111,10.70376,11.947466,4584.666667,0.499927294,0.065290097,0.143812709,0.790897194,0.79223,2.69442,1.743325,14.98115,15.83180398,5.921830522,2.463259642,47.91702042,0.976937104,0.019245171,0.003817725,171.2740543,0.571,-0.081507716,2.350776734
2625,13.86897423,21.44915,5.414353558,5.50580484,0.248098,0.56096,1.63653,10.3947,14.938996,1684.925373,0.499955709,0.527416069,0.033306759,0.439277172,2.26028,4.47827,3.369275,21.40368,72.15953132,11.02146187,2.081456705,79.07600526,0.978924844,0.016792617,0.004282538,154.6556338,0.604,0.581410967,1.819218891
2627,8.810210257,20.90213,3.573005344,4.499699651,0.20264,0.79091,2.12644,3.17581,14.830112,21996.5,0.499965904,0.468006274,0.352828859,0.179164867,1.8177,1.53572,1.67671,20.83105,28.38142512,5.488631768,1.241616307,0,0.996068494,0.001236837,0.002694669,237.2489349,0.791,1.774354692,4.774999924
2630,67.81614035,22.86791,3.631876166,4.463787087,-1.12243,-0.09843,2.486815,5.8114425,12.3581855,8591.578947,0.5,0.185714286,0.242722372,0.305758393,2.97745,4.55485,3.76615,24.41065,136.5194399,12.16990213,1.094426465,0,0.995849933,0.000709844,0.003440223,33.72045339,2.901,1.002602249,3.182746213
2632,17.53474092,22.01995,5.942987398,6.279307587,0.6545435,1.5555425,2.5744,12.34988,17.1110875,385.7142857,0.499862826,0.304938272,0.411522634,0.283539095,3.95764,6.948650001,5.453145,21.67394,180.0067723,17.20516672,1.330081214,80.58956136,0.987826597,0.006944285,0.005229119,125.5789869,0.497,1.02995109,2.249512399
2635,4.403984567,20.73569,3.262828066,3.47057378,0.22037,1.35135,2.5962,3.9447,6.54312,2210.833333,0.499811534,0.314549567,0.606106295,0.079344139,2.56931,1.523329999,2.04632,20.70569,26.39864204,6.199957727,4.076248107,0,0.95740602,0.040149904,0.002444076,470.8392975,0.292,3.392025126,16.044296
2636,62.198374,25.25462,5.397000037,4.791500812,0.34583,1.24417,3.38009,9.02304,14.51437,39752.32558,0.499985375,0.352449762,0.190446661,0.457103577,3.23096,2.36182,2.79639,25.22365,60.92643652,8.713495987,1.305438139,0,0.998269279,0.00102962,0.0007011,40.60334439,3.036,0.796789382,2.657441433
2637,8.600851698,23.37329,3.181702927,3.306296475,0.2843,1.09137,2.48609,4.11044,5.70386,6562.619048,0.499945579,0.403149149,0.459492798,0.137358052,3.83661,1.97486,2.905735,23.25801,72.21140689,8.86977922,1.695822028,0,0.982995855,0.009864338,0.007139808,271.7555286,1.024,2.903114936,13.1646458
2638,13.39589677,21.92225,8.012667105,5.009885963,0.97276,3.659125,6.88606,10.74301,15.984306,11665.58974,0.49998901,0.097151825,0.265870696,0.636977479,5.75392,5.33577,5.544845,21.8384,279.3295608,17.334132,1.419440227,70.55393432,0.960744433,0.013632885,0.025622682,163.6489918,4.732,0.328722297,1.949498167
2639,14.7239176,4.72456,3.030152749,1.170444099,0.9899805,2.13123,3.24489,4.15425,4.57173,9581.212121,0.5,0.20519957,0.79480043,0,2.16938,2.4596,2.31449,3.97956,5.911434635,6.964533182,1.442688023,0,0.905385455,0.037751583,0.056862962,32.08765581,0.746,-0.347683721,1.879474326
2640,53.13963318,22.14556,4.677449046,3.148362261,0.22712,2.12477,4.68008,7.10542,9.317311,49939.54545,0.499995449,0.222814858,0.300690835,0.476494307,1.80617,2.43687,2.12152,22.11546,31.81682022,6.430559562,2.254660561,0,0.993492107,0.005639456,0.000868437,41.6742809,1.424,0.593586095,3.329265202
2641,7.596169885,23.93251,6.683903352,4.407005266,0.680112,3.89139,6.5513,7.96352,16.0751185,2421.694915,0.5,0.136898096,0.187989922,0.675111982,2.75465,3.33317,3.04391,23.90166,87.12344566,10.06397722,1.343734183,72.11427532,0.975282495,0.011209019,0.013508486,315.0602259,0.958,1.542451742,6.865326277
2643,53.42583807,21.94032,5.385404121,4.742315128,0.43432,1.74988,4.01056,7.05389,15.65988,37673.29412,0.499998439,0.257408119,0.346905125,0.395686756,6.54057,1.81644,4.178505,21.91007,112.6573362,14.75582532,7.426822382,0,0.979573387,0.019102089,0.001324525,41.066871,3.127,1.225583165,3.533521831
2644,32.1871887,23.28963,5.913290565,5.382578464,0.40169,1.52028,2.95827,11.03795,16.27372,1720.283688,0.5,0.334638852,0.247526385,0.417834763,2.90352,6.21473,4.559125,23.28955,163.7700343,15.26957584,1.972830156,81.15069937,0.989496499,0.007914947,0.002588553,72.35683183,1.258,0.763543388,2.214103155
2646,12.67546499,26.89641,4.370872161,3.593626999,0.50803,1.692455,3.33677,6.22953,11.18986,2910.769231,0.5,0.275369979,0.421247357,0.303382664,2.22579,3.351460001,2.788625,26.74207,77.65318054,8.904978691,2.297729561,0,0.987456093,0.010495822,0.002048085,212.1926889,0.531,1.52120074,6.300867456
2648,13.77439365,20.03997,2.964223461,2.160273633,0.758747,1.54894,2.37695,3.64752,7.6590185,9240,0.5,0.347943723,0.536796537,0.11525974,1.53445,0.89512,1.214785,19.91736,4.703971928,3.627174484,1.360517898,0,0.999366097,0.000273816,0.000360087,145.4871301,0.232,2.326204195,12.87780287
2650,21.39981019,16.47538,4.54741046,3.277340379,0.448082,1.6164325,4.257425,6.651715,10.444267,30140,0.5,0.296881221,0.290842734,0.412276045,1.00222,0.98654,0.99438,16.43982,3.279362833,3.059737294,1.399502154,0,0.998761616,0.000421021,0.000817362,76.98843988,0.599,0.609179645,2.575472784
2651,15.72071148,21.22976,4.06634473,4.254453869,0.530838,1.52185,2.80385,4.82143,16.93697,1855.420561,0.499974815,0.319850904,0.450813479,0.229335617,3.94431,4.57218,4.258245,20.98181,137.4230952,13.09526081,1.908998117,0,0.988557317,0.007343058,0.004099625,135.0432518,0.981,2.509148626,9.146860973
2656,7.922882348,4.67788,2.161610377,0.648027931,1.294182,1.51979,2.30618,2.43836,2.963678,1896.5,0.499868178,0.36277353,0.63722647,0,1.67281,1.78727,1.73004,3.42688,2.93274776,5.374294396,1.820491472,0,0.644127125,0.240136648,0.115736227,59.04265386,0.235,0.869772521,4.711049957
2657,91.93565001,21.91457,3.371847936,1.754894553,0.92668,1.974225,3.512,4.44712,5.37907,15114.30556,0.499967838,0.252584472,0.619308418,0.12810711,3.20275,3.821830001,3.51229,21.51253,85.21389173,10.87583689,1.120176399,0,0.9759541,0.006586021,0.017459879,23.83685762,1.473,2.062640157,17.38575849
2661,6.544766502,20.99673,3.902334028,2.946277356,0.791082,2.29348,3.01309,4.68734,11.65872,101460,0.499989049,0.104491097,0.689981821,0.205527082,1.67143,1.96646,1.818945,20.93237,22.58443196,5.659146171,1.886699905,0,0.993324236,0.004398464,0.0022773,320.8170986,0.873,2.308437162,9.120355451
2663,95.1840565,26.87317,4.541701889,4.088817099,0.274817,1.3689575,3.348555,6.38984,13.862758,18467.92899,0.5,0.312933344,0.333554411,0.353512246,5.22227,5.82308,5.522675,26.84311,322.1996294,17.61280289,1.744823384,54.22215794,0.975882691,0.016253301,0.007864009,28.23284801,6.163,1.414034683,4.937077286
2664,24.93826523,23.96819,5.779048561,5.019796861,1.14973,1.83958,2.62586,9.96284,16.5199235,3183.870968,0.5,0.322998987,0.258561297,0.418439716,1.44616,3.639479999,2.54282,23.34715,37.35850107,8.192967162,2.363588466,0,0.994474371,0.004900573,0.000625056,96.1100934,0.511,0.941472805,2.965108268
2665,32.8252333,24.51222,4.946095289,2.859167144,1.136415,3.00011,4.57792,6.40987,9.6234725,5983.058824,0.5,0.119238635,0.450998899,0.429762467,5.48662,2.740110001,4.113365,24.50382,117.6480914,13.21281798,2.515516024,0,0.964607278,0.028190083,0.00720264,74.67493003,1.54,1.320203852,6.531921751
2667,8.924456534,18.72132,4.893995799,5.005854102,0.61137,1.3437675,3.22768,6.14357,16.44763,1106.478873,0.5,0.36685336,0.312245418,0.320901222,2.88569,3.91238,3.399035,18.69057,94.62005425,10.75670664,1.434322209,0,0.994621163,0.001580711,0.003798126,209.7754628,0.497,1.473008659,3.928937054
2669,34.51044875,28.96803,8.237198388,4.979790411,2.393242,4.3889825,7.18047,10.5748025,18.09054,6018.790036,0.5,0.016809754,0.299577835,0.683612412,6.28886,6.7296,6.50923,28.85193,418.7237301,20.19518808,1.265095865,0,0.994505057,0.001596077,0.003898867,83.93988212,4.922,0.978007924,3.427016707
2670,7.470685985,21.78621,4.621336053,4.244042052,0.05202,1.616365,3.53988,6.011,14.1213425,19144.25532,0.499977772,0.287370246,0.367512059,0.345117695,3.37089,2.226799999,2.798845,21.75617,60.14759149,8.868858884,1.96472716,0,0.992486764,0.004057578,0.003455658,291.6226173,1.578,1.402614447,4.430787324
2673,14.52088648,13.17004,3.227909612,2.225879747,0.53472,1.41913,2.92452,4.43646,6.94244,23068.57143,0.5,0.338255069,0.462427899,0.199317032,2.11838,4.21551,3.166945,12.92409,26.9214251,9.735034165,1.395731984,0,0.990375861,0.003377881,0.006246258,90.69721754,1.07,1.23036989,5.177599861
2674,47.29680474,21.72001,2.811553746,3.589247914,0.5525,1.01332,1.593785,2.37632,13.2227185,15480,0.5,0.673875969,0.211653747,0.114470284,3.69877,4.27299,3.98588,21.70372,106.1200215,12.30271312,2.053890076,81.90188121,0.9867681,0.009807273,0.003424627,45.9227851,1.424,2.566519032,8.780723403
2676,16.7947832,22.88109,5.714715193,3.922199924,0.79412,2.89144,5.31799,7.50838,14.396366,12561.90476,0.499969674,0.172903715,0.270470053,0.556626232,3.39851,4.26907,3.83379,22.6203,146.1747473,12.22396357,1.474838852,76.36117857,0.978253882,0.011909094,0.009837024,136.2392698,2.786,1.068860084,3.792236222
2679,7.385147869,17.52778,3.562309224,4.462479817,0.59748,1.00715,1.53571,2.41187,12.96088,4436.875,0.499929568,0.612480631,0.182701789,0.20481758,3.35798,1.36816,2.36307,17.15979,13.06467891,7.613091147,1.668189713,0,0.997369602,0.002079378,0.00055102,237.3382404,0.208,1.638270723,4.038045053
2681,19.45331743,28.61374,6.228902941,4.266944674,0.477594,2.80484,5.15927,8.76584,14.595018,7710.178571,0.49998842,0.134863469,0.348796813,0.516339718,3.40883,3.13032,3.269575,28.53223,100.8099584,10.06047765,1.478764949,0,0.990710148,0.00506674,0.004223112,147.0892567,1.703,0.756002229,2.939439886
2682,84.38698943,30.13583,2.97790957,4.018587458,-0.79749,0.026,2.00146,4.408325,10.416805,70298.26923,0.499995897,0.254664876,0.28817046,0.21202787,3.51946,2.337630001,2.928545,31.12487,127.8582239,9.332927361,1.516914671,0,0.992006742,0.004328763,0.003664495,35.71146477,4.183,2.346481318,12.05643712
2683,2.611718607,32.8022,7.553542001,8.707098454,0.159293,0.884555,3.285,12.014985,25.705023,1086.785714,0.499835688,0.3233651,0.304304962,0.372329938,2.38847,1.566500001,1.977485,32.77212,56.22402265,6.669095164,1.684166201,0,0.996254638,0.002623535,0.001121826,1255.962258,0.284,1.16428594,2.980936184
2684,9.644683775,31.97176,2.892954298,5.094758051,0.060308,0.18484,0.850365,4.09817,10.156702,11416.41791,0.5,0.60369983,0.207844163,0.188456007,4.06201,2.698840001,3.380425,31.94176,144.0629327,10.83305798,1.319825469,63.70280727,0.978059294,0.008319009,0.013621697,331.4961978,1.863,3.777420526,19.979476
2685,23.06433045,17.04753,4.312353591,3.48371851,-0.7128045,1.32936,3.57286,7.492595,9.4776035,7305.714286,0.5,0.22633946,0.194857255,0.463922566,1.94254,1.15844,1.55049,18.22839,9.302076725,4.963903073,1.943882854,0,0.998987271,0.000740492,0.000272237,73.91296285,0.5,0.193387422,1.841366052
2686,43.29366389,21.44464,4.683928041,2.91143698,0.77083,2.49654,4.41903,5.88887,10.640144,5579.347826,0.499980518,0.212741087,0.377284239,0.409974674,2.1107,3.87283,2.991765,21.34568,44.53229761,9.265049849,1.552353941,0,0.997714229,0.00130581,0.000979961,49.53297567,0.876,0.739871842,3.113922648
2690,8.440004109,32.78022,3.643780817,3.127436299,0.3042375,1.41166,2.65937,6.05335,8.676637,1569.032258,0.5,0.375308388,0.360094572,0.264597039,3.83047,2.39784,3.114155,32.65881,82.91611596,10.01946091,1.499848108,78.58545099,0.966007847,0.024584721,0.009407432,388.3910431,0.329,1.435638121,6.186777911
2691,7.4221286,10.02904,5.478781494,2.318718321,0.89545,3.90226,6.29462,7.37324,8.63744,7287.300613,0.499995791,0.101748567,0.307299866,0.590951567,3.71792,6.09786,4.90789,9.92884,97.43451001,15.84212387,1.109259475,41.68676975,0.878910946,0.008778388,0.112310666,135.1235008,2.926,-0.541318147,2.393997609
2692,86.22130545,27.9284,2.192047132,2.879467411,-1.19812,-0.00549,1.5354,3.7829925,7.941636,21687.12121,0.499979041,0.319137528,0.269645789,0.160170468,5.91594,6.34414,6.13004,29.43706,337.8056373,19.26015878,1.620271203,0,0.969395335,0.017224458,0.013380207,32.39152998,4.387,1.345551803,5.643013366
2693,13.63771303,34.52853,4.913447392,4.187613853,0.27836,1.42064,3.71068,8.29125,11.410667,33858.13239,0.499989876,0.279923391,0.320563693,0.399512917,7.60963,6.98484,7.297235,34.49851,898.991334,24.75658452,1.388164741,38.92645411,0.88604126,0.056322227,0.057636512,253.184166,9.643,1.564453702,8.306670807
2695,20.84114123,27.53675,2.941214978,3.63531484,0.11844,0.42778,0.92704,4.43523,10.84935,14429.87448,0.499991301,0.588156834,0.181344491,0.230498675,5.99099,6.22776,6.109375,27.50675,334.1721693,18.2936198,1.279878527,38.64434906,0.903826956,0.032843367,0.063329676,132.1268816,5.087,1.637247334,5.745280164
2696,7.278634849,29.33683,3.522036317,6.731589972,0.06548,0.1509275,0.32021,2.79664,21.0130205,7704.900662,0.49998281,0.728305714,0.080571409,0.191122877,3.42029,6.68782,5.054055,29.30678,285.6370772,16.02456046,1.585283264,74.42639014,0.983710639,0.008703219,0.007586142,403.0540151,2.846,2.084536626,5.920783162
2697,56.52127815,27.0311,4.043844595,4.259997721,-0.64702,0.70845,3.259325,6.23497,11.849664,14695.78947,0.5,0.244466729,0.250503955,0.346981899,4.42173,5.41392,4.917825,28.17715,216.3530987,15.92777299,2.439280876,0,0.972017913,0.023349793,0.004632294,47.82464389,3.488,1.472992393,6.123181895
2700,24.26618691,6.97238,2.011874043,1.26372193,0.55678,1.10121,1.66336,2.61489,4.823532,103565.625,0.499978878,0.607790954,0.35027911,0.041929936,2.09177,1.18859,1.64018,6.68159,3.824658543,5.039324946,2.289334775,0,0.995778705,0.003422573,0.000798722,28.73290322,0.416,1.207487819,4.069739443
2701,117.2337012,33.15895,3.564060703,3.806343845,0.18165,0.85609,2.19703,5.27055,12.7610705,13407.93651,0.499994081,0.466923168,0.251941518,0.269574997,3.92763,4.475199999,4.201415,33.6589,189.1314732,13.34002812,1.720193328,0,0.990458194,0.002312847,0.007228959,28.28448617,3.177,1.936176095,7.742163408
2702,24.39839028,14.36321,1.620819963,2.685873377,-1.964197,-0.35555,0.83355,3.35107,6.440252,10508.22222,0.499989426,0.265781293,0.280182714,0.122972487,1.75162,3.94949,2.850555,16.62508,33.25266135,9.305078654,1.333760864,0,0.986446335,0.005197129,0.008356536,58.86949851,1.036,0.868992155,3.451323445
2703,11.04466432,16.71833,3.995308621,3.36440375,0.595085,1.715485,3.27243,5.131435,14.599766,5462.727273,0.499964339,0.29638875,0.437771914,0.265839336,3.53486,3.51017,3.522515,16.57981,58.2996858,10.92564261,2.190139669,0,0.989032722,0.007796427,0.003170851,151.3701958,0.885,2.008506566,7.529443347
2704,11.09351022,23.05514,3.590020722,4.408182903,0.08926,0.38771,1.71544,4.46387,13.78527,22232.41135,0.499999468,0.502052782,0.261536466,0.236410752,8.86544,6.537579999,7.70151,23.02512,703.9705983,25.25087101,1.192938495,45.82907619,0.893898005,0.029051675,0.07705032,207.8254723,8.464,1.47378003,4.256455996
2705,2.224390472,3.67122,1.973044851,0.797816798,0.86861,1.26216,2.01265,2.56746,3.38643,3682,0.499728408,0.495382944,0.504617056,0,0.64487,1.2589,0.951885,2.91126,0.663885153,3.13837208,2.607935914,0,0.973766837,0.022169013,0.004064149,165.0438646,0.075,0.275894907,1.935670719
2706,37.17484474,32.87847,5.688673628,4.874813385,0.15631,2.43616,4.51647,8.00938,14.92566,18483.84848,0.49999918,0.184193571,0.361678583,0.454127846,5.35193,10.19769,7.77481,32.84844,661.5670402,24.17738367,1.63784371,53.72399165,0.852200888,0.097090621,0.05070849,88.44279035,8.986,1.452366103,5.775578018
2707,7.233209581,31.14691,4.308551943,3.847855375,0.604706,1.65637,3.1914,5.09265,12.335392,10272.10526,0.499974381,0.277962802,0.450786494,0.271250705,1.58664,1.77551,1.681075,31.07785,29.00606612,5.269016324,1.359220002,0,0.995026508,0.00289764,0.002075852,430.6098096,0.392,1.825524672,7.07973116
2708,61.72527845,31.141,4.920710852,4.685103848,0.308,1.425,3.488,6.955,14.4014,8526.013289,0.499927913,0.328235262,0.307435131,0.364329607,6.246,6.578,6.412,31.141,488.4918638,20.76903236,1.448183259,81.87675053,0.992099058,0.00459235,0.003308592,50.45096722,5.091,1.692174721,6.75100664
2709,27.39167538,38.8168,5.538960323,4.568501796,0.190525,1.09335,4.781905,8.51966,13.0003075,2924.28115,0.5,0.332765214,0.179023271,0.488211515,6.35966,7.36164,6.86065,38.7868,528.9020342,22.36368105,2.684309797,61.06672253,0.940841279,0.034659026,0.024499695,141.7102074,3.626,0.68970943,4.043756391
2710,6.289397419,31.86482,4.372582742,5.476296494,0.103876,0.44084,1.69352,7.35285,12.902558,2683.945946,0.49998993,0.508549332,0.169214348,0.32223632,6.70286,4.03891,5.370885,31.8348,344.6211566,16.97052645,1.945238955,56.67266514,0.966736064,0.024554827,0.008709109,506.6434489,2.402,1.719889954,6.462704568
2711,4.663273987,22.73326,9.091887868,5.636670361,1.20377,2.91953,10.99731,13.679,17.979636,243.5483871,0.499337748,0.141721854,0.233112583,0.625165563,1.64891,2.84865,2.24878,22.49201,29.36737033,7.104554438,3.425603804,78.7695311,0.986993429,0.011221801,0.00178477,487.4956965,0.116,-0.141003197,1.703604523
2712,11.8143921,23.42528,4.552509111,4.549813466,0.5427675,1.5156725,3.06326,4.7862525,13.6841375,1046.071429,0.499829293,0.319221577,0.454848071,0.225930352,6.85432,3.40643,5.130375,23.1384,130.1868186,16.05197596,5.134769393,0,0.973793259,0.024144606,0.002062136,198.277489,0.504,1.709974896,5.397667911
2713,6.105961448,19.54259,5.019997445,3.129064274,0.5555775,2.4076875,4.92293,6.945515,10.0663665,690.3311258,0.499904068,0.220740599,0.294896393,0.484363008,2.69388,10.30091,6.497395,19.31345,145.6143112,21.94871806,4.934678389,66.21493454,0.859449615,0.133113838,0.007436548,320.0575399,0.571,0.771083416,4.401053106
2714,72.60570766,25.32868,4.67276161,3.574811666,0.7068,2.11549,3.79384,5.80678,12.922765,31099.73684,0.499995769,0.230303184,0.439519712,0.330177104,2.49883,2.7829,2.640865,25.29813,54.91760133,7.8955654,1.115845063,0,0.997021957,0.000585886,0.002392157,34.88524638,2.068,1.232873606,4.087701054
2715,12.80438023,27.43382,5.089993193,4.118490329,0.5250545,1.71923,3.99459,6.24462,14.578495,5985.333333,0.499888617,0.257629762,0.383604366,0.358765872,1.27735,1.80427,1.54081,27.11477,17.44170075,4.797547524,1.185568918,0,0.997673028,0.001219303,0.001107669,214.2534001,0.415,1.192317751,3.97236536
2716,6.687007504,29.94894,9.491200709,6.545537758,1.187466,3.42305,8.98385,12.94821,19.89059,3559.363636,0.49998723,0.105662401,0.209460322,0.684877276,4.2798,4.11953,4.199665,29.56605,201.7390193,12.5636103,2.28022946,71.88291852,0.973128632,0.020245639,0.006625729,447.8675997,2.099,0.518483687,2.125964787
2720,7.150716333,17.07781,5.077221475,4.55564098,0.595434,1.7573,3.73344,6.0473575,15.7623305,800,0.5,0.2575,0.40325,0.33925,3.56177,4.26393,3.91285,16.72261,91.34103012,12.56271533,3.562013317,75.9420031,0.96334592,0.032190149,0.00446393,238.8265623,0.412,1.382314537,3.850208415
2721,10.7831458,22.73666,6.068443187,4.258888535,0.54936,2.88653,5.82671,7.70095,15.16517,43651.41892,0.499999226,0.157818157,0.259912297,0.582269546,5.3009,4.53172,4.91631,22.7056,230.8070869,15.20622548,1.195120091,61.31338082,0.959530021,0.012871313,0.027598666,210.8536824,5.307,1.140874976,4.334453496
2722,22.52927964,25.33067,3.551417823,2.785369608,0.37606,1.3924,2.92282,5.253085,9.34142,22413.90244,0.499994559,0.324852824,0.38041503,0.294732146,4.90712,4.958090001,4.932605,25.30059,223.8743567,15.00917567,1.740867745,0,0.940840472,0.038335628,0.0208239,112.4344427,4.279,1.66865891,8.651555082
2724,6.333848435,26.11577,2.889909981,1.665774965,0.606994,1.56818,2.77959,4.09661,5.486644,7190,0.499768197,0.307834956,0.586926287,0.105238758,0.97885,0.530900001,0.754875,25.90587,1.846316473,2.399314078,5.054427638,0,0.999296211,0.000347786,0.000356003,412.3207283,0.109,1.613509257,20.02813557
2726,13.06185644,23.11936,4.010415192,4.642064647,0.497242,1.1915,2.54416,4.41538,12.585222,224.5762712,0.499622642,0.430188679,0.359245283,0.210566038,2.66224,3.74895,3.205595,23.00843,65.41552597,9.885731741,3.32293135,76.0099182,0.969151661,0.026731318,0.004117021,176.9990362,0.167,2.498391596,9.85316488
2728,12.80447648,7.84715,1.76492358,1.369721052,0.4045625,0.7581725,1.29116,2.2310775,4.517605,1510.833333,0.5,0.71731936,0.260893547,0.021787093,4.34288,3.43129,3.887085,7.5281,7.004751601,11.22629696,50.26358384,0,0.904466549,0.095310853,0.000222598,61.28442667,0.129,1.254617535,3.725294484
2729,5.568619656,20.03068,4.312613886,3.556702266,0.389297,1.37278,4.23947,5.31253,14.373313,1258.571429,0.499810821,0.303443057,0.39424896,0.302307983,1.70702,2.28413,1.995575,19.81751,17.03648116,5.944096745,2.260913586,0,0.99532623,0.003395112,0.001278657,359.7063768,0.145,1.674358976,6.163616
2731,90.12664076,23.10509,6.142541569,5.610846057,0.54253,1.59597,4.433245,7.50743,17.83307,6036.808511,0.5,0.28735065,0.282116801,0.430532549,3.56973,4.14081,3.85527,23.03629,137.568501,11.85738918,1.488805386,0,0.99811759,0.000898012,0.000984398,25.63624895,2.065,1.071406741,2.84776522
2732,4.893060897,7.87026,3.774899637,1.656890626,1.211144,2.4194675,3.94287,4.8951375,6.577087,663.5294118,0.499113475,0.239361702,0.539007092,0.221631206,2.83943,1.13146,1.985445,7.46978,4.422070631,6.573517148,2.055821108,0,0.991358428,0.006014274,0.002627297,160.8453311,0.086,-0.04942198,2.238433994
2734,5.645064825,21.69877,6.10784553,5.731521685,0.250922,1.468705,3.54763,11.43306,15.85394,314.3,0.499840916,0.29844098,0.313394846,0.388164174,5.72659,2.672239999,4.199415,21.66664,140.6869276,13.78207182,2.752099599,80.62825503,0.942701106,0.051848341,0.005450553,384.3847799,0.367,0.742712931,1.998601417
2735,64.26349501,29.11731,4.869359737,2.941334067,1.23163,2.19134,5.058385,6.5676575,9.8690075,2583.387097,0.5,0.218299307,0.265811325,0.515889368,4.57564,3.7774,4.17652,28.37983,157.5228225,13.61005501,1.595921418,0,0.971382777,0.020575157,0.008042065,45.30925372,1.089,1.19831831,6.969118682
2737,22.89645312,32.49705,3.984301799,2.821157748,0.470458,1.51936,3.77839,5.76118,8.68474,2572.282609,0.499894359,0.290893725,0.361800127,0.347306148,3.31365,4.64983,3.98174,32.36661,136.7839765,12.41514909,1.835233908,0,0.977079382,0.017143426,0.005777192,141.9304983,0.899,1.457641089,10.25306024
2738,57.84263607,29.81896,4.426042235,3.972640469,0.413306,1.35645,3.62799,6.40003,9.630764,7214.724409,0.499983629,0.326028354,0.306852784,0.367118862,5.25362,3.35027,4.301945,29.78886,177.9575506,13.80776777,1.625427572,0,0.993681385,0.004524163,0.001794452,51.55186905,1.209,2.122165205,10.15832917
2740,43.94467797,27.99406,4.390731728,2.843495918,0.636978,1.8034675,4.52262,6.023865,8.852511,1716.384181,0.5,0.282126399,0.307834101,0.4100395,6.43652,3.9321,5.18431,27.90268,157.1062319,16.41540178,3.060457819,0,0.969183034,0.022322383,0.008494583,63.70295857,1.078,1.145056644,7.091197414
2743,10.89488436,12.60618,3.705769707,2.760140946,0.65307,1.66515,2.91711,4.93688,10.426706,1110.227273,0.499897646,0.292323439,0.466325486,0.241351075,2.3256,3.363489999,2.844545,12.23912,25.9190273,8.86268045,2.439776311,0,0.994665099,0.003581068,0.001753832,115.7073319,0.249,1.345280802,4.480848995
2744,7.660941522,5.62036,2.345590339,1.23718079,1.220536,1.52134,2.12241,2.370685,5.449906,295.3846154,0.5,0.4296875,0.510416667,0.059895833,2.18435,1.4153,1.799825,4.49508,1.09598091,5.537846131,3.074630829,0,0.906873109,0.090727604,0.002399287,73.3638285,0.037,1.631727683,4.490377884
2745,13.12487036,9.82371,3.051262106,1.730685908,0.403154,1.40765,3.30895,4.18053,5.600884,11892.5,0.499894892,0.31742695,0.547614042,0.134959008,0.86554,0.96819,0.916865,9.73467,1.429789867,2.86644914,1.724244152,0,0.998537165,0.000999741,0.000463094,74.84805357,0.182,0.261115109,3.063515034
2746,11.46053493,22.05069,2.231699035,3.219819236,0.4310035,0.90299,1.281865,2.6100175,4.965462,330.7692308,0.5,0.698837209,0.255813953,0.045348837,4.77296,0.86311,2.818035,21.89372,27.35120525,10.03911386,4.784466752,0,0.978702528,0.020407039,0.000890434,192.4054168,0.075,4.335161224,22.96212533
2750,9.722666854,28.89511,8.78874585,8.794985324,1.005741,1.61663,4.93133,19.447105,24.401398,473.8888889,0.499804611,0.318093005,0.194998046,0.486908949,3.24952,2.80527,3.027395,28.82532,80.97319671,9.03013715,1.697444831,84.72231353,0.997792496,0.000529111,0.001678393,297.193254,0.224,0.827872596,2.034457276
2752,5.568619656,9.88733,4.003714515,2.390751282,0.3983225,1.4363125,4.34763,5.5263075,8.0065125,535.7692308,0.499641062,0.287867911,0.372218234,0.339913855,4.04334,1.90671,2.975025,9.67416,17.5593368,9.707263783,2.921782601,0,0.961004797,0.031271769,0.007723435,177.554414,0.173,0.046224661,2.165113752
2754,3.892117667,18.7161,5.538317077,3.586909919,0.49616,1.66738,6.44491,7.5765,10.531254,1191.25,0.499685205,0.304302204,0.033578174,0.662119622,2.2147,2.7145,2.4646,18.68349,47.91596013,7.961469601,1.625451433,75.2119803,0.967815478,0.022040554,0.010143969,480.8718955,0.382,0.414752033,3.260808413
2756,8.425145248,17.73254,4.58664329,2.90978342,0.379772,2.7215,4.43988,5.4464725,10.5025925,4267.350427,0.5,0.156425252,0.482735139,0.360839609,2.9901,5.99407,4.492085,17.70251,161.1990678,14.31701459,1.777323614,51.66552476,0.90923056,0.062892918,0.027876522,210.4716237,2.281,1.389356443,6.386104127
2757,62.10561386,21.70056,3.124727692,2.690878598,-0.289523,1.267055,2.78544,4.43782,7.9741845,4468.085106,0.499968254,0.286238095,0.396730159,0.210746032,4.70162,5.46233,5.081975,22.48635,170.8736585,15.20709975,3.839825219,0,0.90614958,0.087118832,0.006731588,34.94138235,2.154,1.065204599,4.799220129
2758,30.38941767,15.85867,5.757646439,4.038506333,0.51014,1.77469,5.74175,8.62224,13.243554,3527.222222,0.499984249,0.276137974,0.15444952,0.569412506,4.11995,3.95167,4.03581,15.6837,68.66991863,11.80810323,1.752877012,0,0.996063011,0.002028502,0.001908487,52.18484334,1.186,0.335671235,2.064298118
2759,16.56081676,22.72144,4.633559309,3.548906297,0.3666055,1.73179,4.051735,6.47425,10.662231,2385.818182,0.5,0.286351166,0.322283189,0.391365645,5.31941,3.53693,4.42817,22.62466,103.2607929,13.33207036,1.986160389,0,0.989489207,0.008045246,0.002465547,137.1999964,0.898,0.936583505,3.521931865
2761,29.05646746,39.30192,10.08290301,6.280069086,0.8090125,6.66112,8.31577,13.70163,22.7844595,5358.351893,0.499958436,0.054470261,0.117440459,0.800220292,7.65247,9.63848,8.645475,40.27317,973.9137957,27.10024542,4.393592964,68.10638528,0.772713237,0.213312472,0.013974291,135.2604891,6.383,0.790082188,3.942598827
2762,20.72666721,21.95715,5.073743509,4.199358759,0.40576,1.7802925,4.045715,7.00622,13.4188005,19657.71429,0.5,0.253008633,0.343115026,0.403876341,2.9171,3.49804,3.20757,21.91049,89.59637459,10.16180388,1.972309434,0,0.994466717,0.003958848,0.001574434,105.9367132,1.835,1.24583693,4.271307043
2763,39.07920781,21.80534,2.876212739,3.457680249,-0.51271,0.53944,1.87841,3.96655,10.370982,23263.26633,0.499983799,0.395183815,0.294131624,0.179965395,5.39387,4.92133,5.1576,22.80497,323.0923368,16.94909226,1.702212484,0,0.972351082,0.016814164,0.010834754,55.79780457,4.143,1.967649896,7.425043899
2764,10.95591253,20.90912,4.841687099,4.322289916,0.529137,1.7269975,3.53962,5.78971,14.937092,5485.090909,0.5,0.258452665,0.409838239,0.331709096,2.99658,2.65401,2.825295,20.76165,70.64958065,8.730751512,1.334577396,0,0.992378447,0.003142247,0.004479307,190.847818,0.969,1.454221558,4.292064282
2766,7.707211803,5.84133,2.129679096,1.060247284,0.331746,1.29503,2.27745,3.0504,3.463314,1783.4,0.499831782,0.40047101,0.596276775,0.003252215,4.06456,2.65606,3.36031,5.63676,9.415993269,10.72786405,1.367391535,0,0.890342415,0.061755642,0.047901943,75.79044341,0.454,-0.245261934,2.258806845
2767,29.25746821,20.4955,4.774789904,2.526276947,0.95705,3.38076,4.70363,6.00536,9.18252,180753.3333,0.499963117,0.173735846,0.384022425,0.442241729,0.54479,0.75487,0.64983,20.27551,3.469301027,2.056200682,1.08230836,0,0.998997837,0.000363752,0.000638412,70.0521995,0.877,0.898722015,5.553036093
2768,16.25547921,20.17995,4.785486252,3.381907633,1.053606,2.835075,4.178265,5.78739,13.893676,8322.45614,0.5,0.147034023,0.497449302,0.355516674,3.25307,2.32979,2.79143,19.96474,72.83982907,9.055358213,1.562251485,0,0.984854652,0.007791207,0.007354141,124.1424491,1.387,1.918132837,7.005653329
2769,8.544636963,19.19512,7.558422991,5.009622786,0.964148,5.33154,5.880135,9.7294925,17.9913065,531.1926606,0.5,0.099136442,0.106822107,0.794041451,6.24443,4.7155,5.479965,19.13002,259.3930065,17.37347992,1.487477189,57.32439754,0.922998712,0.045191685,0.031809603,224.6452375,1.108,0.95495452,2.83242797
2771,26.01733277,18.96302,6.111807321,3.631305579,0.54278,3.3141,5.95406,8.645645,12.115692,1583.133641,0.5,0.13951796,0.265151074,0.595330966,6.15114,5.09577,5.623455,18.92983,242.1832482,17.91799398,1.785804723,0,0.959610618,0.027905649,0.012483733,72.88610316,1.57,0.436349287,2.942528084
2778,10.20809174,6.28909,3.001180358,1.361520374,0.7168115,1.89946,2.989305,4.3987,4.72496,2748.965517,0.5,0.265993477,0.726793778,0.007212745,2.79638,3.25571,3.026045,5.85716,18.67938216,9.131965382,1.442730571,0,0.877824301,0.064927629,0.05724807,61.60887027,0.771,-0.229099755,1.745567627
2780,58.55128347,24.72377,3.620236335,3.746819916,-0.167472,0.92083,2.56779,4.88805,10.6871,55374.58333,0.499996238,0.348866432,0.327165742,0.246570704,3.03636,4.46206,3.74921,25.35516,129.3783832,11.49935232,1.999167887,0,0.981807246,0.015720469,0.002472285,42.22583782,3.506,1.628450803,6.081128622
2781,25.87430515,20.80941,3.248280798,2.6569077,0.2818735,1.40586,2.52877,5.0957975,8.71675,22794.08451,0.499993821,0.371902767,0.371964557,0.256132676,2.98271,3.48366,3.233185,20.7794,76.07067243,10.1473687,1.465396285,0,0.976439566,0.012723054,0.010837381,80.42500033,1.584,1.364780319,4.917051706
2782,24.48886678,15.46871,4.283745197,3.021721145,0.57968,1.62642,3.84688,6.46065,9.923016,5654.431818,0.499969855,0.285717157,0.345826886,0.368455958,5.90192,3.182820001,4.54237,15.18225,68.46593933,13.91748466,2.472239123,0,0.992411339,0.006336782,0.001251879,63.16629568,0.836,0.721791507,2.850387196
2785,24.48886678,23.70479,4.195446193,2.899887273,0.575016,1.6097,3.82332,6.38643,9.75399,44644.54545,0.499969456,0.28949887,0.34804211,0.36245902,1.36541,0.970260001,1.167835,23.41833,9.764981354,3.995496433,2.022891768,0,0.998903621,0.000669158,0.000427221,96.79823166,0.731,0.606944606,2.473965834
2786,25.11785788,19.02107,3.889128851,2.780369363,0.4521075,1.647755,3.42311,5.388085,8.668444,2002.191781,0.5,0.278769841,0.444820744,0.276409414,6.26263,4.516030001,5.38933,18.99097,124.3517204,17.0759424,1.735283227,0,0.993764777,0.003833979,0.002401244,75.72727774,0.83,1.078895963,4.552744647
2788,17.37993266,27.84581,4.529437235,3.758373554,0.63935,2.08033,3.59528,5.61591,12.228117,1621.212121,0.5,0.233457944,0.468037383,0.298504673,4.60768,5.534399999,5.07104,27.60673,152.4142383,15.20147653,3.314572601,0,0.977310217,0.019994899,0.002694883,160.2181697,0.693,1.871633715,7.36500551
2789,18.06489148,13.65944,5.574910953,3.236094799,0.41136,2.8007425,6.238525,7.7912675,10.1902315,1503.608247,0.5,0.168872129,0.26222146,0.568906411,6.7627,5.09967,5.931185,13.62935,101.1898496,18.31263048,2.797025899,59.38491502,0.968719652,0.003796633,0.027483715,75.61318603,1.731,0.092530591,2.171398623
2791,11.7654428,28.02386,5.347794249,6.653996798,0.36093,1.37021,2.93954,4.79868,22.50091,1625.178571,0.499945061,0.335347764,0.429842874,0.234809362,3.85927,2.53951,3.19939,27.99373,103.2365579,10.32446117,2.726542067,0,0.987240196,0.011578162,0.001181642,238.1878904,0.543,1.91786138,5.442899904
2792,20.0399091,25.33534,3.033826536,3.193699425,0.43764,1.28926,2.1891,3.17793,10.70454,8363.75,0.499775818,0.435958751,0.438350022,0.125691227,0.95635,1.23769,1.09702,25.27645,9.281623708,3.585938502,1.476108771,0,0.997882146,0.001256815,0.000861039,126.4244257,0.317,2.806968495,12.23826963
2793,107.3071887,34.01571,5.486906654,4.329425471,0.644534,2.23316,4.26404,7.59046,14.050425,33988.90909,0.499997325,0.216423539,0.354848373,0.428728088,2.48392,4.44988,3.4669,33.98547,100.1194239,10.57906058,1.202635956,0,0.994754302,0.001555427,0.003690271,31.69937673,4.375,1.173413742,3.958199903
2797,8.439407699,30.08009,6.271291334,6.759467131,0.979,2.2399525,3.17785,5.320785,21.708338,727.4747475,0.5,0.185087476,0.554707026,0.260205498,3.36287,4.61753,3.9902,29.7383,146.1617255,12.70286595,2.296313671,0,0.992122524,0.005910664,0.001966811,356.4241837,0.555,1.492928529,3.875185477
2802,29.21455228,24.15779,7.764667157,3.970442354,1.694556,5.44499,6.86627,10.10481,14.836398,4176.742424,0.499990931,0.052164765,0.134946402,0.812888832,3.6084,5.632800001,4.6206,24.15771,186.0808283,14.23894178,1.839131234,0,0.989907837,0.006673329,0.003418834,82.69094719,1.59,0.6877498,3.489831487
2803,6.07436337,24.05049,11.85428324,7.36929855,0.29155,2.82537,14.08839,17.32796,21.60532,557.6666667,0.5,0.191572026,0.116557083,0.691870891,2.5233,3.47964,3.00147,24.02038,94.42625071,9.632933315,1.776557748,75.83310689,0.989518126,0.006680645,0.003801229,395.9343314,0.498,-0.388148573,1.68924101
2804,27.06068717,22.06777,7.815086201,3.582791402,1.17988,6.1342,7.87025,10.1169875,13.4873995,16332,0.5,0.096252755,0.079059515,0.82468773,1.768,2.39741,2.082705,22.02937,35.72919231,6.387617296,1.185021502,0,0.998220307,0.000543216,0.001236477,81.54918558,1.387,-0.097272339,3.226575989
2805,9.717033348,23.11727,11.4892637,6.070095468,0.775802,10.1338025,11.93567,15.6088275,21.37082,1605.942029,0.499954878,0.175661041,0.02314773,0.801191228,4.85984,3.97477,4.417305,23.11717,175.0613501,14.48634905,1.560340737,78.0191431,0.939764935,0.051305129,0.008929937,237.904607,1.562,-0.408373959,2.485335159
2806,10.21061891,20.59231,3.446732819,3.878930674,0.43131,1.47141,2.38797,3.90067,14.5781,3901.428571,0.499450751,0.300988649,0.604906628,0.094104724,0.97171,0.84671,0.90921,20.43847,8.449256665,3.212622325,1.738197527,0,0.999197727,0.000469996,0.000332277,201.675434,0.135,3.120890156,12.73338601
2808,2.994171024,4.90142,1.508020289,0.894393576,0.1546895,0.7384575,1.55013,2.2914325,3.0321295,1225.454545,0.5,0.646142433,0.353857567,0,2.57857,1.837669999,2.20812,4.86331,2.181137796,6.499759341,3.997372234,0,0.887080365,0.107883365,0.00503627,163.698732,0.089,0.229742174,2.180984884
2809,39.74573602,25.07943,8.132036899,4.189257679,1.21217,4.97231,8.08539,11.23634,15.08681,10267.44898,0.499995031,0.08840103,0.163822661,0.747776309,4.56432,3.225459999,3.89489,24.64927,142.6908869,12.27361868,1.07854799,0,0.996491957,0.000858447,0.002649596,63.09967436,2.209,0.141462419,2.313458922
2810,8.968886203,25.9822,4.947574362,5.950005962,0.318697,1.219235,2.87286,5.94492,23.82301,624.4117647,0.499764484,0.375412153,0.280263778,0.34432407,2.31022,2.62584,2.46803,25.92709,54.86534222,7.370936959,2.481548037,0,0.993301947,0.005625053,0.001073,289.6926041,0.244,2.108166491,6.784424622
2811,18.42949467,25.52213,5.654053875,4.623421349,0.6598225,2.78021,4.4086,6.42789,16.219935,1528.905109,0.5,0.171297622,0.42175117,0.406951208,4.55165,4.66935,4.6105,25.49208,218.8227143,14.14890258,1.065309828,63.02497973,0.979495096,0.003241948,0.017262957,138.4852404,1.316,1.56604747,5.273327742
2813,9.394059933,26.75636,7.174494239,6.03102131,0.687642,2.20771,4.217265,12.6628975,16.605922,1969.91453,0.5,0.221667824,0.324583478,0.453748698,4.18687,4.045369999,4.11612,26.72531,197.9736722,12.78649125,1.726682255,75.94819448,0.984532054,0.005212968,0.010254978,284.822113,1.748,0.735129875,2.40310934
2814,31.5151011,25.89458,4.786466907,3.710907441,0.62377,2.05199,3.84838,6.6859,11.26122,17298.63158,0.499978702,0.241631525,0.359353037,0.399015438,4.23374,3.40052,3.81713,25.86432,166.8283477,12.10334679,1.195505653,0,0.99295049,0.003648762,0.003400748,82.16562568,2.962,1.526996636,6.733184346
2820,9.716889747,27.03072,7.070283305,6.050506162,0.41226,2.59903,4.2023,13.95335,16.26614,2182.072072,0.499979357,0.176499732,0.398455885,0.425044383,4.02368,4.711920001,4.3678,27.00059,214.4268281,13.33275485,1.409755699,76.22744961,0.985977285,0.002507647,0.011515068,278.1828415,1.793,0.838921533,2.578749215
2822,6.75197453,28.51388,9.818910872,6.644047297,0.83575,4.75729,7.4729,16.29598,21.75512,501.8959108,0.499962966,0.160876972,0.102881268,0.73624176,6.19077,10.96887,8.57982,28.30907,512.338265,25.7874308,5.458376674,71.34266721,0.784395755,0.207245384,0.008358861,422.3043181,1.217,0.232673965,1.779638548
2823,18.08412412,19.31378,5.42525058,3.822620677,1.492271,2.60793,4.06479,7.308075,14.177989,6687.075472,0.499992946,0.133868488,0.492205465,0.373926047,3.76754,4.13044,3.94899,18.10617,132.885469,12.59209012,2.840952069,0,0.969228549,0.026180781,0.004590671,106.799643,2.145,1.222698924,3.666105153
2824,4.752077086,21.16318,9.60536763,3.916823548,1.188128,8.17085,10.92416,12.2441,13.288881,897.5862069,0.499807914,0.09296965,0.046100653,0.860929697,2.42904,1.843920001,2.13648,21.13203,35.85087778,6.741826636,2.045355484,0,0.979933256,0.012639271,0.007427472,445.3458902,0.362,-0.813345747,3.501129526
2826,10.45502484,20.32073,5.151746501,5.101845565,0.162642,1.63261,2.50956,8.82463,15.48348,5032.47549,0.499992695,0.277282357,0.405810301,0.316907342,8.60989,11.93826,10.274075,20.29066,531.9454125,30.15708701,1.588269564,74.41484983,0.962042213,0.025604927,0.01235286,194.3632876,3.087,1.086226628,2.724532281
2827,23.55189142,18.37701,3.412039443,2.819925858,0.4216,1.269345,2.80099,4.59717,9.288215,41352.5,0.49998626,0.368681678,0.420382411,0.210935911,1.92794,3.86377,2.895855,18.34682,48.62662772,8.800714726,1.217618624,0,0.996595617,0.001435453,0.00196893,78.02774592,1.241,1.5263148,5.749877555
2831,35.2385708,21.68424,6.106817111,5.16130026,0.438462,1.31647,5.82411,9.16568,15.642024,6517.712766,0.499979597,0.355308366,0.09861017,0.546081464,5.15793,5.16653,5.16223,21.62083,307.9141233,16.47219224,1.947484104,67.09385811,0.949627115,0.034782813,0.015590072,61.5355263,2.979,0.682835792,2.343548781
2834,27.93767281,21.72027,4.585334581,3.641406913,0.52443,1.80785,3.81154,6.8504425,12.396588,9078.757764,0.499986317,0.278816157,0.375649937,0.345533906,5.12273,4.81083,4.96678,21.55912,201.9200664,15.21805758,2.707808001,72.77999049,0.960140486,0.033666116,0.006193398,77.745452,1.974,1.339753043,4.957728785
2835,74.31090687,32.41869,5.730119504,4.285508924,0.54909,2.13631,5.0024,8.55965,14.305625,10275.62016,0.49999057,0.23227252,0.26752945,0.50019803,7.28674,5.709650001,6.498195,32.37973,470.8341309,19.91485161,2.076903289,0,0.961534992,0.029123642,0.009341366,43.62574939,5.906,0.786501717,2.976455801
2837,10.82718145,32.40623,7.695095173,6.148156251,0.53572,2.4383875,5.51246,11.8307125,21.3647425,2415.833333,0.5,0.202397378,0.258796137,0.538806485,2.19211,3.34087,2.76649,32.20263,85.25065479,8.849375196,3.065974354,0,0.989595185,0.009338468,0.001066347,299.3043956,0.672,0.794871302,2.973679036
2839,11.22876455,25.13194,5.897573562,4.825971725,0.2138695,2.405835,3.87301,10.64721,12.8324505,824.2990654,0.5,0.105895692,0.547278912,0.346825397,4.65254,4.01327,4.332905,25.10188,141.1273531,13.99535013,1.343194026,67.35566716,0.963693268,0.018547661,0.017759071,223.8174992,0.602,1.083033048,3.90538182
2840,13.19457256,25.70286,3.92264733,2.641572804,0.7306015,1.92938,3.392095,5.4674275,8.743506,2912.5,0.5,0.261695279,0.439377682,0.298927039,2.77645,1.94068,2.358565,25.36928,31.07337717,7.199566737,2.913633901,0,0.988471156,0.010863236,0.000665608,194.7987317,0.287,1.545424871,10.42318176
2841,45.97490257,21.31147,4.831259661,3.874550833,0.59012,1.77566,3.64566,6.95056,12.2947875,10071.09756,0.499993945,0.254289624,0.370300183,0.375410193,4.9319,4.82921,4.880555,21.21549,166.9248562,15.60118842,2.791849752,0,0.970863746,0.025143288,0.003992966,46.3545735,2.973,1.182212411,4.079230723
2846,19.48110555,14.31965,4.617968238,3.18934337,0.402124,1.68843,4.36104,6.74578,10.892758,2749.619565,0.499970352,0.265669164,0.293973475,0.440357362,4.20524,7.09617,5.650705,14.28828,83.48564304,17.87549467,5.528121162,0,0.994363144,0.003989792,0.001647063,73.50532527,0.658,0.500660916,2.396599491
2847,5.282475411,21.0951,5.077757107,4.694460056,1.093305,2.463885,3.128855,5.39597,18.743675,663.2727273,0.5,0.058662281,0.660224781,0.281112939,5.48286,3.879480001,4.68117,21.06267,148.7603807,14.78577592,1.285760832,76.33300419,0.966120768,0.020444876,0.013434355,399.3411868,0.467,1.973798897,5.947792894
2849,12.56357912,20.06647,6.320669827,5.728393767,0.52961,1.30189,5.81276,9.57685,19.73782,3545.227273,0.499967947,0.436053593,0.048336432,0.515609975,1.88071,3.78923,2.83497,19.70153,41.94501874,9.006377553,2.693632036,81.96762554,0.994102701,0.004566543,0.001330755,159.7193746,0.675,0.87656637,2.920030873
2851,16.86812766,23.84182,5.001511691,5.257534773,0.37952,1.30395,3.18622,6.2744425,16.00549,4487.950311,0.5,0.352385961,0.336304252,0.311309787,3.86641,7.35756,5.611985,23.63223,198.3205009,17.45653788,1.491260292,82.82729953,0.989786355,0.006743827,0.003469817,141.342421,2.02,1.582733974,4.646714125
2853,15.04027827,21.2776,4.732899447,3.246832669,0.7116025,2.25375,3.944515,6.54068,10.52712,1193.485714,0.5,0.201953462,0.414919085,0.383127454,4.63625,6.03558,5.335915,21.17634,183.9377161,16.45941788,2.034588685,0,0.975514854,0.020194587,0.004290559,141.4707868,0.837,0.982887837,3.938542573
2854,22.99197848,32.20287,6.140964776,5.737426133,0.925584,2.64687,4.24074,7.774005,24.183052,4010.121951,0.499984795,0.151750144,0.406593072,0.441656783,3.28823,3.83887,3.56355,31.99399,140.9188305,10.75819317,1.510403206,0,0.996528369,0.002807412,0.000664219,140.0613263,1.183,2.259672317,8.3223242
2855,5.656357798,19.4649,3.777055577,4.076011342,0.39074,1.22759,2.224265,3.4626975,12.205845,1098.095238,0.5,0.428447528,0.360364267,0.211188205,1.55773,2.21098,1.884355,19.35666,19.61272907,5.730861763,2.121816137,0,0.996246644,0.001918567,0.001834789,344.1242703,0.188,1.487136229,3.834844231
2856,4.216527595,25.70286,5.674215722,2.818859835,1.777338,3.471595,5.736215,7.01909,9.5438825,429.8947368,0.5,0.054113614,0.331537708,0.614348678,4.17279,3.729850001,3.95132,24.71383,89.46702906,12.2284088,2.077910731,0,0.991704281,0.003606288,0.004689432,609.5740967,0.274,2.053637752,14.42748833
2857,80.37276945,25.84107,7.146185059,5.227347456,0.762918,3.05141,5.87007,9.93328,17.399927,6834.440433,0.5,0.13762849,0.305909758,0.556461751,5.93317,7.402530001,6.66785,25.81102,510.7803956,19.8253118,1.456090409,79.36944256,0.990979504,0.000540344,0.008480152,32.15152368,6.384,0.842857374,2.907582247
2858,14.48663302,29.82244,11.22619553,6.905032817,0.8575465,5.6216975,11.22356,16.86506,22.2053715,1614.090909,0.5,0.136757251,0.062341594,0.800901155,6.12598,3.91056,5.01827,29.49157,272.4643322,16.08023509,2.420257213,72.01558311,0.971305181,0.021438905,0.007255914,205.8617759,2.05,0.116158901,1.884508231
2863,4.215982217,26.83941,10.02895163,5.498695803,1.8718225,5.865885,7.67085,15.199,19.7462195,360.1265823,0.5,0.07258348,0.077680141,0.84973638,2.78449,8.2503,5.517395,26.00835,259.9376493,18.24630327,4.62681512,58.25481178,0.916811624,0.075879922,0.007308455,636.6110818,0.541,0.467414979,2.431665358
2864,14.81628512,3.12422,1.607953941,0.804822496,0.27534,1.0357175,1.45906,2.3188275,2.89561,4060,0.5,0.637931034,0.362068966,0,0.23381,0.408190001,0.321,2.96424,0.023892582,0.998499416,1.972801456,0,0.996387328,0.002859984,0.000752687,21.08639227,0.052,0.120176931,1.94657761
2866,14.2980016,9.3231,2.041473207,1.403474367,0.44636,0.87709,1.65449,2.81923,4.663289,14435,0.49982681,0.547973675,0.413924489,0.038101836,0.42261,0.600860001,0.511735,8.9656,0.423275325,1.584151253,1.50785544,0,0.998752379,0.00088425,0.000363371,65.20561588,0.145,0.991418969,3.663102799
2867,8.984375151,11.248,2.710378131,1.379283887,0.708,1.543815,2.86801,3.70969,4.456868,3543.75,0.499823633,0.311816578,0.677248677,0.010934744,0.845,1.4416,1.1433,10.73702,4.441988053,3.926840046,7.48857615,0,0.985947026,0.01315712,0.000895854,125.1951283,0.133,1.067201107,8.085780655
2869,7.264112172,11.88961,3.080453365,2.169941076,0.362623,1.248125,2.82428,4.415755,6.795643,3937.2,0.499949202,0.361576755,0.465914863,0.172508382,2.60926,1.99747,2.303365,11.85243,18.31148458,6.839421552,2.875695804,0,0.951462737,0.042834252,0.005703011,163.6760242,0.508,0.933927879,4.097811361
2870,6.957878426,6.99325,1.750881116,1.498958568,0.112632,0.88581,1.28834,2.107175,4.774052,466.8421053,0.499436302,0.675310034,0.293122886,0.03156708,2.237,1.1847,1.71085,6.94551,4.251633363,5.808269082,2.555712227,0,0.968723364,0.022188876,0.00908776,100.5083672,0.082,1.075903452,3.311617201
2871,6.957878426,35.71064,13.53135349,4.950059991,1.230415,11.94103,14.35438,16.8392,19.720205,641.9148936,0.499944757,0.069937024,0.030272898,0.899790078,4.47064,4.74905,4.609845,35.6804,211.2534321,14.52577426,1.137055725,71.63741956,0.956577526,0.017588842,0.025833632,513.2403559,0.916,-1.000486811,4.446779909
2872,8.74808,8.31315,4.841465737,2.713309058,0.8581075,2.0941625,4.941295,7.624835,8.2057825,1778.245614,0.5,0.216258879,0.289068666,0.494672455,2.86137,3.57486,3.218115,7.97,24.57966014,9.530877217,2.636053194,71.99113713,0.952058426,0.035643958,0.012297616,95.0282805,0.478,-0.124014432,1.407886509
2873,9.592726706,29.73017,5.195331905,4.247788509,0.58028,2.14772,4.05928,6.61476,12.184649,4403.454545,0.499979355,0.230397622,0.372930344,0.396672034,2.73786,3.21973,2.978795,29.45043,85.93858406,9.132730391,1.352580847,0,0.994211751,0.003218763,0.002569486,309.9240801,0.775,1.380907704,5.170858741
2874,14.5073576,11.11326,2.771388847,1.864037039,0.404599,1.23867,2.43052,4.09556,6.078803,2737.2,0.499926933,0.408884992,0.474353354,0.116761654,1.44625,3.158749999,2.3025,10.96437,9.343697304,7.401774031,4.056028202,0,0.976490928,0.021757684,0.001751388,76.60430179,0.263,0.884783039,3.890505668
2875,12.09603942,12.803,2.851158061,2.128590599,0.265108,1.285755,2.50737,3.7578,6.686603,3161.923077,0.499979727,0.379637514,0.484896404,0.135466083,5.67015,2.292479999,3.981315,12.77266,57.83828112,13.2236486,5.508728584,0,0.748916964,0.247060094,0.004022942,105.8445624,0.707,1.502588169,6.219120042
2876,12.09976386,21.96145,6.186457011,3.924822578,0.678044,2.424275,7.7262,9.8509925,11.24129,1826.893939,0.499979266,0.198921833,0.261766535,0.539311632,3.23496,15.40454,9.31975,21.95267,247.6628527,31.83103024,1.471237167,75.84315052,0.920999967,0.064279101,0.014720931,181.5031289,1.394,0.325885317,2.909780193
2877,11.76605665,26.8314,10.7847427,7.85347365,0.68299,2.350655,16.54709,16.65951,22.160742,942.3809524,0.499949469,0.215866599,0.202324406,0.581808994,3.3515,5.42617,4.388835,26.46237,122.0927642,13.42195652,4.590800775,79.53007744,0.984110966,0.013661115,0.002227919,228.0407175,0.461,-0.080730963,1.374208695
2879,61.86425471,30.22347,5.964358113,4.072146196,0.67613,2.653605,5.60598,8.301105,13.134861,40551.33333,0.49997534,0.21590741,0.228763543,0.555329048,1.54209,1.612439999,1.577265,30.19297,19.13122143,4.85001045,2.287996337,0,0.996729037,0.002249511,0.001021453,48.85449625,1.401,0.722096877,3.358436436
2880,19.1782507,23.60314,5.260464228,5.206884506,0.39143,1.40266,3.25288,7.68245,16.11921,3637.722772,0.499986391,0.318173158,0.367790751,0.31403609,4.87452,3.61599,4.245255,23.5036,169.7202883,12.92051778,1.734591189,0,0.985331035,0.008927989,0.005740975,123.0724344,2.306,1.273720568,3.626672383
2881,16.06797727,25.87158,8.062316822,6.333536137,0.58744,2.45015,5.68783,13.47449,17.064695,9820.283019,0.499995197,0.201633124,0.264460349,0.533906528,4.15948,4.17647,4.167975,25.66732,150.0994823,12.91377826,2.016245147,83.07621249,0.979547376,0.017140048,0.003312576,161.0132973,1.983,0.482414475,1.995291383
2882,16.85077845,9.062,2.459029387,1.651790758,0.603708,1.17913,1.98516,3.42809,5.7173785,1005.483871,0.499679179,0.502887392,0.402309913,0.094802695,4.13477,3.37489,3.75483,8.99182,27.58267628,10.95566464,2.637853033,0,0.979027315,0.018066615,0.00290607,53.77793096,0.212,1.032068505,3.568699601
2883,12.49212974,27.21616,9.602680067,7.739993904,0.496585,2.05151,12.32922,16.477035,19.841695,330.4411765,0.499777481,0.24388073,0.239875389,0.516243881,2.56897,5.07917,3.82407,27.00392,100.6960479,11.99712658,5.040419481,77.40264437,0.966058204,0.032641564,0.001300231,217.8664533,0.241,0.142755793,1.434809679
2885,8.195904481,24.77679,11.25240716,7.960878429,0.2808,2.58055,12.666265,17.86234,22.4900575,3655.6,0.5,0.080780173,0.29147062,0.627749207,3.98286,3.60458,3.79372,24.77597,175.7947741,12.1923273,1.298636247,75.03545121,0.990702949,0.002811211,0.00648584,302.3069639,1.653,-0.025549197,1.343556163
2886,16.218475,14.09948,6.171665707,3.650178577,0.38997,2.44026,7.34485,9.51874,11.22899,7700.068493,0.499986657,0.21504879,0.151003816,0.633947394,5.54613,4.0628,4.804465,14.08211,104.1418689,15.52949088,1.926089508,65.8114784,0.945010788,0.026937553,0.028051659,86.93468403,2.676,-0.297489919,1.684430921
2887,9.941003597,5.99954,3.095455905,1.521746851,0.39201,1.76249,3.42319,4.43972,5.059466,12287.67442,0.499990537,0.256354449,0.691977213,0.051668338,2.67623,2.18748,2.431855,5.94591,13.79362492,7.998195461,1.04414591,0,0.901420285,0.044097889,0.054481826,60.35145185,1.697,-0.44419056,1.928866225
2888,4.910310051,5.64063,2.880489835,1.328907474,0.353744,2.17185,3.11949,3.5149,5.311434,7816.818182,0.499970925,0.2162005,0.685410246,0.098389254,3.05204,1.14977,2.100905,5.45752,5.939044812,6.723277101,2.728193084,0,0.865667779,0.11676515,0.017567071,114.8731942,0.547,-0.209144674,2.902997316
2889,22.911338,21.96145,9.384441482,4.026565348,2.81434,7.57812,8.85981,11.40741,17.15539,7148.25,0.499993274,0.023281653,0.113970875,0.862747472,9.05729,9.694610001,9.37595,21.80364,625.5127595,28.35918607,1.409271493,40.48767713,0.831442866,0.089275102,0.079282032,95.85407015,10.956,0.342684932,3.265836274
2890,17.89165913,10.54174,6.45280217,2.426718116,0.762898,4.85258,7.57993,7.89817,9.15971,11675.68421,0.499986477,0.062613258,0.196909456,0.740477285,4.28861,3.47102,3.879815,10.38393,36.61683901,12.13580876,2.639814882,59.73936714,0.901057834,0.068584885,0.030357281,58.91985716,1.704,-1.033734954,3.064075559
2891,44.28915685,30.50887,3.784027223,4.983500604,0.02699,0.67701,1.94148,4.28035,16.588652,49504.36464,0.499992746,0.466497178,0.267982398,0.222188121,5.89314,4.36204,5.12759,30.74588,317.4339729,16.81081193,2.226609832,0,0.986967675,0.009167686,0.003864639,68.88564193,6.416,2.05162955,6.776229963
2893,61.47083107,28.62432,3.669841006,5.348933986,-1.59562,-0.09587,2.04511,5.99959,16.3845085,60651.25828,0.49999454,0.231786546,0.200659727,0.303327896,7.44588,3.049989999,5.247935,30.83251,308.4657026,17.18118897,2.404714778,0,0.977542421,0.019139797,0.003317782,46.56569547,8.52,1.625665944,5.674191094
2894,8.104713497,3.39569,1.469171175,0.912686912,0.179248,0.68072,1.32953,2.306995,2.991622,14408.75,0.499956624,0.670859721,0.329140279,0,1.30853,1.119489999,1.21401,3.31116,1.025646564,3.765629668,2.055436721,0,0.985685497,0.011566193,0.00274831,41.89771793,0.141,0.331486316,1.910997384
2896,14.35355093,9.66299,4.361664616,2.039861114,1.43043,2.66186,4.27605,5.87307,7.93641,11549.47368,0.5,0.146213088,0.479048943,0.374737969,2.77895,4.6223,3.700625,8.58815,38.91198107,11.24445414,1.434540154,41.14247751,0.908613645,0.04316403,0.048222325,67.32125064,2.347,0.284710291,2.114122088
2897,12.3357282,29.59449,6.780764752,7.872512713,0.4512415,1.5378,3.77663,6.71377,24.8581605,10933.61702,0.49996108,0.274344205,0.367615007,0.358040788,2.44397,3.58558,3.014775,29.59422,88.08258129,9.584912629,2.506579759,0,0.995129951,0.003921572,0.000948477,239.9087392,2.028,1.54187997,3.871360314
2898,13.04708754,28.78749,4.652517801,5.360255723,0.936036,1.82266,3.045465,5.42849,19.450004,16447.33333,0.5,0.291941956,0.422337968,0.285720076,1.61961,2.486699999,2.053155,28.75721,69.63519089,7.027955598,2.127408224,0,0.996280796,0.002705834,0.001013369,220.6430355,0.807,2.974863611,11.90564996
2899,78.9789549,34.58725,4.588053833,4.500326627,0.55847,1.45495,3.08788,6.04504,15.243328,51251.64634,0.499982749,0.318286028,0.375004015,0.306709957,6.13622,4.127669999,5.131945,34.55716,334.3979735,15.97303734,1.289698639,0,0.991555762,0.00342246,0.005021778,43.79299529,7.459,1.867837562,6.467460824
2900,4.917425757,24.04661,5.720240968,6.081319211,0.42537,1.066775,2.47163,12.866905,16.873402,7586.764706,0.499941849,0.428765265,0.258112037,0.313122698,2.46706,2.81993,2.643495,23.88103,34.98095933,8.097101054,2.773027038,0,0.994819381,0.004377091,0.000803528,489.0080946,0.585,0.950817255,2.367505705
2901,71.85455313,29.7491,4.739459322,4.601771564,0.383128,1.40629,3.39433,6.51155,15.42683,30337.70408,0.499995796,0.310471075,0.341674249,0.347854677,6.0712,4.46191,5.266555,29.71907,345.8054301,17.14402316,1.563581811,0,0.991723346,0.004890095,0.003386559,41.40183009,6.254,1.920262877,7.438768786
2902,20.50016117,27.24599,6.05436577,6.278643714,0.48261,1.61683,4.02448,7.594475,21.936612,17166.38889,0.499991909,0.28314374,0.291671386,0.425184874,3.52228,1.911160001,2.71672,27.06245,74.83406442,8.694952545,1.345075397,0,0.997368568,0.001191127,0.001440305,132.9062234,1.476,1.637333421,4.731930723
2903,10.47884597,13.23802,5.929025198,3.888412267,0.634446,2.15586,6.215465,9.1342275,12.4259205,1892.5,0.5,0.218378468,0.216562087,0.565059445,3.65926,2.717,3.18813,13.01661,42.39116687,9.956782662,1.712116622,62.79390897,0.965548847,0.021285458,0.013165695,126.330896,1.03,0.204712507,1.727523497
2904,10.67680139,11.67329,3.917556932,2.704120366,0.535284,1.56094,3.15384,6.59789,8.11305,1882.058824,0.499973954,0.332187321,0.326457259,0.34135542,3.54559,4.7312,4.138395,11.46907,46.57543554,12.43158467,1.758645356,75.79976513,0.945118328,0.041910279,0.012971393,109.3332129,0.734,0.444220847,1.86716725
2908,12.41733408,10.21412,4.558082659,2.366282468,0.61728,2.62289,4.78217,6.336,7.97143,17621.95652,0.499993832,0.179568473,0.333526603,0.486904923,2.82061,2.464459999,2.642535,10.09736,23.13215612,8.111606236,1.851653572,0,0.970254337,0.019287948,0.010457714,82.25694772,1.179,-0.14391095,1.903413484
2909,44.05698228,24.06767,4.579461994,4.219443169,-0.78928,1.2307775,3.74002,7.0892325,12.96201,36804.10256,0.5,0.199479573,0.269994984,0.398380894,4.81589,2.3645,3.590195,25.68623,138.6804256,11.82730302,2.392398917,0,0.985916748,0.011453746,0.002629506,54.62850326,4.651,0.813333847,3.115985981
2911,7.095947364,27.55999,10.77065036,7.596229696,0.87222,2.52066,10.41372,17.19229,25.69832,7530,0.499867198,0.190916335,0.1212749,0.687808765,1.94113,2.06493,2.00303,27.20926,43.9960839,6.113623481,1.796072704,0,0.997547347,0.001338458,0.001114196,388.3905642,0.901,0.319112836,2.092932336
2912,97.53994787,29.69395,5.844188839,4.842847873,0.4551075,2.29967,4.685145,8.1955925,15.997492,57364.41379,0.5,0.210584719,0.312099055,0.472371433,4.95604,4.1163,4.53617,29.80111,248.5714731,14.98825767,1.435871763,0,0.991349299,0.003828805,0.004821896,30.44286023,8.539,1.487248942,5.863708035
2913,46.23725244,26.63697,4.108513549,4.648040276,0.0354,1.65201,2.61024,3.89906,11.966488,33263.3871,0.499997576,0.292678669,0.46320424,0.201073543,3.61913,2.70844,3.163785,27.19341,113.2120061,9.972210504,1.75485577,0,0.992461761,0.003875857,0.003662382,57.60932709,2.843,2.457491449,10.18385606
2914,27.20814314,26.39347,4.333676066,5.205872856,0.05305,0.39529,1.62124,7.9955,14.864502,80040.22523,0.499995779,0.544699653,0.153898969,0.301401379,6.70749,4.95224,5.829865,26.36347,384.2704163,18.18106638,1.71497279,71.28454084,0.972762914,0.017344134,0.009892952,97.00577456,9.432,1.138496773,2.927172096
2915,24.10404402,21.83338,9.321708579,4.11230763,3.553722,6.41406,9.15167,11.5695575,18.1325215,2619.913793,0.5,0.031390872,0.085420026,0.883189102,7.58689,4.619510001,6.1032,21.11671,303.0720449,19.07813702,2.255594082,60.45783685,0.916181121,0.063392579,0.0204263,90.57973833,3.605,0.616596581,3.487130105
2920,84.51365824,22.31093,2.53735356,4.556175112,-1.83011,-0.8419,1.06007,4.21071,12.56264,155028.2278,0.499998775,0.241158205,0.186803873,0.214009209,2.59435,4.11972,3.357035,24.38025,121.1391142,10.7977343,1.45458228,0,0.994785559,0.003812628,0.001401813,26.39920039,7.01,1.499056403,4.786751332
2921,10.71688697,4.55042,3.230295461,0.801831512,1.379352,2.908825,3.38611,3.84985,4.22149,28692.19512,0.49960897,0.08674918,0.91325082,0,2.82769,2.20946,2.518575,4.18989,7.722670579,7.853674417,1.215556654,0,0.687804983,0.098655526,0.213539491,42.46027798,1.545,-1.23810321,4.427090818
2922,38.70515532,22.04878,9.168643934,6.227658022,0.40386,2.67889,10.58453,13.83064,18.38594,15644.71831,0.499998875,0.165860548,0.154753438,0.643396502,8.16785,8.93473,8.55129,23.1664,744.4034184,27.43605536,1.167694483,54.31131827,0.947692923,0.01357659,0.038730487,56.96600315,15.048,-0.066007486,1.615671501
2923,7.879979327,22.88611,12.43947522,5.653427839,0.27475,13.21053,13.93469,14.2914,19.5690575,8498.157895,0.499984517,0.110813489,0.074706593,0.814479918,2.79625,3.40035,3.0983,22.85603,125.8600517,10.16465519,1.120434071,74.64403141,0.98706613,0.003469235,0.009464635,290.43363,2.44,-1.040098637,3.116816165
2925,39.19500928,21.51655,3.104664544,4.182798553,-0.70111,0.42731,1.86982,3.92902,14.558939,227725.7576,0.499998004,0.351351639,0.292539538,0.185624655,2.48421,2.1145,2.299355,22.57837,51.00296734,7.259666491,2.028485498,0,0.994949152,0.003839594,0.001211254,54.89614723,2.672,2.024171224,6.884256448
2926,57.38025155,27.36502,7.244618323,4.450488663,1.587523,3.50831,6.35254,10.65758,15.558031,22843.17647,0.5,0.100671072,0.283915392,0.615413536,4.22494,5.564879999,4.89491,26.14418,319.149614,15.21241454,1.7578516,72.5362469,0.977453025,0.014306628,0.008240347,47.69065882,8.528,0.74683563,3.217963809
2927,10.78079811,24.63088,4.577120917,5.238623786,0.356008,1.35654,2.39559,4.62807,17.0989735,4498.148148,0.5,0.382585426,0.395924249,0.221490325,4.47336,2.41103,3.442195,24.4713,71.34502419,10.45362475,1.991283367,0,0.989406667,0.008835618,0.001757715,228.4699123,0.525,1.719158406,4.804836518
2935,46.18820389,22.66273,6.407170116,4.689071387,0.82059,2.86515,5.22734,8.92204,16.4853625,33484.47059,0.499998243,0.157779901,0.321053131,0.521166968,5.3113,5.379960001,5.34563,22.46362,244.5586425,16.91555098,1.763388271,0,0.986180815,0.010010732,0.003808452,49.06605603,6.469,0.999761556,3.365879986
2936,33.92380063,23.98409,5.872244693,4.792335593,0.71966,2.49047,4.52422,7.4591,16.10348,28640.36585,0.499997871,0.188340693,0.351865651,0.459793656,4.50229,3.88594,4.194115,23.95406,156.0715039,12.52787257,1.679635245,0,0.990782312,0.00452029,0.004697398,70.6998908,5.33,1.300035093,4.074854116
2938,37.86791731,25.54393,7.818315782,6.383146069,0.35834,2.65595,5.56696,13.2278,18.84173,30148.76289,0.499994871,0.194065168,0.255506201,0.550428631,3.65642,3.71255,3.684485,25.51383,159.7789795,11.41293166,2.668101489,0,0.989737392,0.006889494,0.003373114,67.45533374,5.499,0.718636764,2.379306732
2939,81.83379404,27.39858,6.270657613,4.48364106,0.59219,2.53677,5.6503,9.3406,14.057508,15990.24752,0.499986068,0.195592611,0.270446405,0.533960985,6.07698,5.24966,5.66332,27.36706,309.7730141,17.30561534,1.792167429,0,0.99028259,0.006700906,0.003016505,33.48076467,5.64,0.669491771,2.830278249
2940,7.115247409,32.6979,11.5478487,4.768583607,1.341925,10.367735,13.36918,14.57587,16.081381,1415.418327,0.499985926,0.077884426,0.060770681,0.861344893,6.2754,6.0373,6.15635,32.6677,476.5578448,18.85517672,1.665943059,50.04862051,0.898127928,0.062989956,0.038882116,459.5469155,3.196,-0.698995917,3.865633953
2942,12.02693148,20.31212,3.801324003,2.805126761,0.599355,1.63466,3.16749,5.131175,8.853542,5485.428571,0.499921871,0.287723319,0.451481848,0.260794833,2.28974,2.63457,2.462155,20.27676,30.50432937,7.52491854,1.624404914,0,0.996316848,0.002032308,0.001650843,168.8886316,0.406,1.433274993,6.059874618
2943,13.95986203,20.94947,1.849143038,1.945028339,0.17401,0.62896,1.2547,2.52601,4.27174,2962.408759,0.499963041,0.655784157,0.322582235,0.021633608,4.24671,4.83788,4.542295,20.88069,108.849897,14.37379748,2.400847866,0,0.988427981,0.004673946,0.006898073,150.0693198,0.361,3.15439548,17.28092245
2944,14.95100273,23.76097,11.91832721,7.678352977,0.428974,3.1477275,17.1099,18.8599225,19.186568,959.133574,0.5,0.139566396,0.21518368,0.645249925,9.33632,7.30242,8.31937,23.72991,324.7335038,24.70944744,8.032748259,66.18251338,0.971473138,0.025129461,0.003397401,158.9255946,1.315,-0.407598329,1.313280205
2945,13.4508222,24.7188,6.469424634,5.542134695,0.1425355,1.64694,4.381885,11.68495,16.27628,1026.979167,0.5,0.266304899,0.284207323,0.449487778,5.15787,6.105839999,5.631855,24.68868,254.5814516,17.6961189,2.064353732,74.54927346,0.958744491,0.030381497,0.010874012,183.7716657,1.19,0.657878931,2.242311342
2946,5.110411816,16.35584,4.521759017,4.808687846,0.08631,0.48377,1.47845,9.51998,11.999788,971.2121212,0.499843994,0.580967239,0.019344774,0.399687988,1.98403,3.24631,2.61517,16.3258,25.45039461,8.234767947,2.792788449,82.03643176,0.960311262,0.036350967,0.003337771,320.0493539,0.272,0.573115221,1.560373437
2947,9.208518016,24.41034,6.940925078,5.830589201,0.06063,2.01667,4.04501,12.03552,15.40733,3297.012987,0.499980305,0.247646433,0.280497893,0.471855674,3.92272,3.4862,3.70446,24.38031,127.1383527,11.18523324,1.891044796,75.17314403,0.983333104,0.008551317,0.008115579,265.0843486,1.682,0.50022212,1.913974015
2948,66.86857602,25.23028,2.203307034,3.844933613,-1.1603,-0.41628,1.40159,2.9918,10.606736,66163.82979,0.499993569,0.281695984,0.261594366,0.131269897,5.65144,1.79439,3.722915,26.573,92.17585141,12.16017901,1.209939455,0,0.995229947,0.001617937,0.003152115,37.73114593,3.655,2.461930474,10.22037866
2950,25.05852448,21.96485,4.266632529,2.727992885,0.44641,2.26294,3.94776,5.81385,9.35205,29428.91304,0.49998892,0.215294039,0.416249917,0.368456044,5.54392,1.50688,3.5254,21.93476,57.91122174,11.99337538,8.180467025,0,0.911982355,0.086753386,0.001264258,87.65420334,1.827,0.756778528,3.688828842
2951,7.796014446,26.89084,3.210471378,3.93004144,0.074615,0.318655,1.00876,5.349335,11.531385,9473.243243,0.499957205,0.574705429,0.166300534,0.258994037,2.21267,2.50404,2.358355,26.86084,60.15251765,7.386011386,1.708492176,0,0.989742643,0.00521352,0.005043837,344.9306076,1.179,1.334935242,4.338086858
2952,9.162625297,12.4916,4.864090467,3.571163148,0.43178,1.61861,3.74629,9.169085,9.685226,3907.666667,0.499957349,0.271944042,0.336603259,0.3914527,2.09982,2.37421,2.237015,12.36414,17.10050765,6.666120986,1.371523018,0,0.992369242,0.004087751,0.003543007,136.3321056,0.54,0.395668025,1.697666209
2953,7.055689831,21.57173,7.474424342,4.433617284,0.529702,3.01974,9.24496,11.26706,12.8535,1998.956522,0.5,0.154254394,0.210501131,0.635244475,3.63724,5.15105,4.394145,21.47432,141.4501183,13.15840536,1.342409771,72.48362808,0.949025049,0.030179623,0.020795328,305.7352366,1.327,-0.21565662,1.754630406
2954,54.79735089,22.06451,3.828703301,3.754331409,-0.669265,0.634815,2.92167,6.3256375,11.161325,37351.64179,0.499992008,0.230060418,0.275753628,0.333718272,3.38002,3.25086,3.31544,23.03713,77.12853574,9.884719949,1.370287053,0,0.994588639,0.002294949,0.003116413,40.26565088,3.555,0.825856079,2.993568139
2955,12.62024699,12.91019,4.683169745,3.468237984,0.577134,1.7414625,3.492375,7.9073725,10.57469,2263.870968,0.5,0.289854659,0.314562553,0.395582787,4.61716,4.75253,4.684845,12.80779,87.69606225,14.62395267,1.912250908,69.69445124,0.970580055,0.007568079,0.021851866,102.2974432,1.381,0.553974422,1.968306322
2956,19.77159201,20.58489,4.139697748,3.515061805,0.43803,1.43889,3.86894,5.71953,10.31305,4382.619048,0.499990945,0.376939932,0.287046595,0.336013473,3.7065,6.21706,4.96178,20.38856,131.8983028,15.21732896,1.943536386,0,0.982719942,0.014065277,0.003214781,104.1134674,1.264,1.793390726,7.732965666
2957,7.446597133,22.94726,5.119613405,5.923775845,0.4375985,0.88018,1.595845,8.8422675,20.497908,1480.540541,0.5,0.58543264,0.010770354,0.403797006,2.90417,2.09729,2.50073,22.6689,51.0141855,7.538255656,1.92440869,0,0.990840527,0.006384808,0.002774664,308.157667,0.426,1.404610286,4.093672191
2958,24.07786422,20.40896,4.051852108,3.785473074,-0.41455,0.7937,2.9696,7.64622,10.08044,12110.07143,0.499973458,0.254852808,0.283011189,0.337121994,4.18682,5.258710001,4.722765,21.18899,164.4801094,14.52182474,2.329986439,69.18806159,0.960305581,0.023415669,0.01627875,84.76233527,3.278,0.801535226,3.188232459
2959,51.09639916,21.33114,3.329273545,2.846376117,-0.33549,0.89852,2.83336,5.29623,8.088591,46260.86957,0.499985902,0.265526316,0.347640977,0.276682331,2.44395,2.538000001,2.490975,22.03868,49.59082672,7.866306183,1.415739184,0,0.995046571,0.002273534,0.002679895,41.74685565,2.314,0.817990208,3.772047291
2961,14.9996368,24.34215,2.615834049,3.455595231,0.40593,0.80427,1.166325,1.64835,9.83532,4476.923077,0.5,0.814776632,0.003350515,0.181872852,2.04816,2.688800001,2.36848,24.14549,25.45102946,7.166567361,4.818314506,0,0.994041065,0.004755864,0.001203072,162.2849295,0.305,1.95154934,6.123409169
2962,28.035456,13.25059,2.966462442,2.723717445,0.30871,0.85549,1.60803,5.73509,7.749508,84678,0.499964572,0.632560996,0.03115331,0.336285694,1.25257,1.37309,1.31283,13.16759,5.933271617,4.117551484,1.97470676,0,0.99821014,0.000761867,0.001027993,47.26368638,0.636,0.815361569,2.182925084
2965,15.70162837,24.14502,4.478904033,3.645473449,0.478304,1.731695,3.69275,6.23963,9.693092,4227.314815,0.499967145,0.253904282,0.353783813,0.392311905,4.30708,3.680579999,3.99383,23.98541,128.5279843,12.5386431,1.304110245,0,0.989044304,0.00597976,0.004975936,153.7739872,1.518,1.976688812,10.113401
2967,27.11735922,20.78003,2.564700972,2.216114338,0.217992,1.37518,2.04879,3.303615,5.138532,7877.575758,0.499980766,0.468629789,0.474438375,0.053700569,4.1081,4.1845,4.1463,20.81349,69.68472719,12.70933634,2.215691516,0,0.986649833,0.010656859,0.002693308,76.62999126,0.714,3.110834842,17.2590613
2968,105.9577925,22.27881,3.898606112,3.056778623,0.42745,1.33631,3.20484,5.79444,9.90564,78658.33333,0.499992433,0.363280008,0.322788431,0.313931561,2.22488,3.195689999,2.710285,22.07312,59.27550836,8.068538094,1.763638925,0,0.992143445,0.005368325,0.002488231,21.02611755,2.946,1.006699682,3.711295327
2971,35.27084525,18.03888,4.219434542,2.917475154,0.4687,1.62956,3.86275,6.07567,9.59309,31585.09804,0.5,0.277420476,0.354498274,0.36808125,2.82614,2.6489,2.73752,18.00877,57.33825419,9.047933873,1.386084783,0,0.994256715,0.002414661,0.003328624,51.14388349,2.079,0.645302347,2.904660318
2972,35.41388727,18.48574,5.176579075,3.290265655,1.058038,2.68708,4.26471,7.22724,11.43403,11445.72917,0.49999545,0.1078186,0.494917136,0.397264263,3.45953,4.47723,3.96838,18.36763,81.82748545,12.16953756,2.151098349,0,0.980140094,0.014998111,0.004861795,52.19912702,1.878,0.886242132,3.037393196
2973,23.98776896,19.70598,3.320073079,2.671925666,0.27445,1.3024,2.81374,4.5953,7.7202885,27019.32584,0.499995842,0.339137197,0.471189993,0.18967281,3.6685,3.99333,3.830915,19.67337,98.61476951,11.64042601,1.68076243,0,0.985684636,0.009820427,0.004494937,82.15011589,1.584,1.608584624,6.714064482
2974,124.4279063,18.18028,1.24979317,1.19209546,0.1437425,0.57218,1.00352,1.53627,2.99375,25094.94253,0.49999542,0.81231736,0.181476324,0.005670419,4.33999,3.88641,4.1132,18.18282,98.05119778,12.12332612,1.228030073,0,0.894841985,0.035436331,0.069721684,14.61109533,1.858,5.481413778,58.34207949
2976,11.78547008,17.75168,8.655578099,5.985538933,0.5175125,2.6217425,13.11142,14.26745,14.5807975,989.6969697,0.5,0.156460502,0.317207593,0.526331904,3.12833,2.18238,2.655355,17.45099,38.81983731,8.297330048,1.653641303,0,0.991138216,0.006363602,0.002498182,150.6234361,0.381,-0.149883425,1.15267913
2977,13.67154017,10.23832,4.544410264,2.482534748,0.584706,2.5817675,4.62568,5.97007,8.87663,8559.534884,0.5,0.159050155,0.387042873,0.453906972,3.61804,3.63302,3.62553,9.96097,41.37896286,11.08885877,1.500417667,0,0.933726255,0.037118113,0.029155632,74.88783175,2.288,0.170647277,2.205444613
2978,8.28360582,28.84224,6.182982275,5.163119927,0.08947,0.89691,5.25973,10.86945,14.40869,18773.49515,0.499997414,0.269499622,0.213929988,0.51657039,6.23363,7.013300001,6.623465,28.81218,551.5714516,20.67306391,1.371154315,38.49456589,0.917756554,0.03758096,0.044662486,348.1846026,10.816,0.514140686,2.368197472
2979,16.39101833,28.40676,3.601039788,3.105302983,0.336474,1.30982,2.60814,5.08509,9.546348,7620.119048,0.499992189,0.372416379,0.363433267,0.264150354,3.76063,3.720790001,3.74071,28.37673,102.1345654,11.02089328,1.66194181,0,0.975829137,0.012274029,0.011896834,173.306865,1.511,1.824450744,10.05809369
2981,49.19859834,22.44205,4.993083958,3.757667996,0.72231,2.06567,3.9566,6.8424625,12.5654425,37569.37931,0.499996329,0.230877677,0.361372798,0.407749525,4.30307,4.56496,4.434015,22.35194,212.9881724,14.34152378,1.268002811,0,0.978057116,0.009040503,0.01290238,45.6152223,5.901,1.104391127,3.873142375
2982,20.00654291,21.18964,4.399217989,4.727666357,0.234668,1.06384,3.33947,6.05417,18.201244,461.2264151,0.49989773,0.367150747,0.361628145,0.271221109,5.48746,3.38338,4.43542,21.15961,105.7329275,13.91139387,2.493283116,0,0.992796429,0.004594482,0.002609089,105.9135508,0.301,1.979417365,6.791236276
2983,10.91492996,13.67644,5.653758097,2.505550208,1.234282,4.52101,5.91509,7.50139,9.193018,924.3589744,0.499861304,0.117059639,0.195284327,0.687656033,3.66695,2.82506,3.246005,13.39931,22.53002646,9.590326825,2.865903764,0,0.991455365,0.006697556,0.001847079,125.3003001,0.228,-0.250858555,2.657889147
2984,75.86957932,15.39598,3.328545932,3.27569757,-0.68966,0.37719,3.03246,5.6369075,9.87783,40945.21739,0.5,0.247329412,0.274428186,0.315055111,1.56652,2.05881,1.812665,16.71703,21.62222187,5.782574214,1.184433083,0,0.989808318,0.003309361,0.006882321,20.29269193,2.986,0.784959391,3.293559619
2986,27.41981673,18.67051,4.436275102,2.982377072,0.448646,1.78348,4.0065,6.74832,9.489976,4168.529412,0.499964722,0.253580752,0.365695336,0.380723912,2.63014,2.23316,2.43165,18.55829,30.17194665,7.792926061,2.247793978,0,0.994988984,0.004218312,0.000792704,68.09130121,0.574,0.519644546,2.462698156
2988,14.13141018,18.19479,5.621394654,4.055355965,0.726664,2.6640725,4.56167,6.85012,15.3863135,715.5813953,0.5,0.149496263,0.399902502,0.450601235,4.352,4.10411,4.228055,18.16209,57.89937202,12.73678249,4.61932681,0,0.982621643,0.014284027,0.00309433,128.7542415,0.441,1.106694368,3.457460264
2989,2.988401972,18.37336,2.705239772,2.894792409,0.341948,0.81437,2.1187,3.51669,7.852009,367.0491803,0.499776686,0.458240286,0.431442608,0.110317106,3.2239,3.93431,3.579105,18.15603,70.87036788,10.62646688,2.979609308,0,0.912482669,0.078566164,0.008951168,614.8222418,0.174,2.739104047,12.540709
2990,8.111654649,17.45649,2.76352587,3.1702316,0.09889,0.62291,1.41258,4.56151,6.9491825,1187.407407,0.5,0.612601372,0.252651279,0.134747349,1.39142,2.85383,2.122625,17.42648,27.5448649,6.827910556,1.044365995,0,0.995327162,0.002418519,0.002254318,215.2025789,0.172,2.195353303,8.984753138
2991,32.31606526,25.99124,4.595463566,3.487979125,0.29643,1.77629,3.87944,6.47173,11.888672,6494.40367,0.499992937,0.253669355,0.367882016,0.378448629,4.00346,3.86693,3.935195,25.9608,149.8281288,12.21640036,1.088846979,0,0.995129178,0.000397011,0.004473811,80.42823219,1.473,1.087724515,4.286184519
2993,63.41378261,21.60163,5.432625517,3.469165255,1.11134,2.61439,5.12733,7.50514,10.743384,78495.71429,0.4999909,0.156587257,0.336888274,0.506524469,0.76542,1.32715,1.046285,21.32525,6.695454468,3.488439136,2.579710166,0,0.997971332,0.00168235,0.000346318,34.06456627,1.173,1.027958917,4.628297596
2995,14.50729454,17.73669,3.09043765,2.918262474,0.11243,0.9940825,2.02307,4.467805,8.0221475,241.0612245,0.5,0.496105655,0.282763292,0.221131053,9.17403,8.2641,8.719065,17.70656,169.6034173,25.4518398,10.81845838,0,0.912570641,0.082362089,0.005067271,122.2604942,0.414,1.169817114,3.850729265
2996,46.0170338,17.03595,4.242684261,3.078257131,-0.230858,1.78058,4.05147,6.39896,9.603058,35737.05882,0.49999177,0.208384771,0.362122035,0.362171415,1.5959,1.527869999,1.561885,18.19688,13.26496887,5.095032583,1.158664677,0,0.997023262,0.001389691,0.001587047,37.02096505,1.455,0.5757149,3.078473882
2997,13.80235692,26.75698,5.36723499,6.224152514,0.3963905,1.6021225,3.192425,5.6767675,21.4708215,2060.57971,0.5,0.287944859,0.373329582,0.338725559,4.02048,3.36456,3.69252,26.70933,95.37497821,11.46589,3.573990164,0,0.995235352,0.003208079,0.001556569,193.8580501,0.57,1.978560773,5.831987693
2998,11.79000017,22.67717,5.572705285,5.486359866,0.27209,1.17592,6.25218,8.34213,21.894526,753.2258065,0.499785867,0.44496788,0.022698073,0.532334047,3.85847,1.78803,2.82325,22.66997,39.7668036,8.83677769,4.701619697,0,0.977084423,0.021982682,0.000932895,192.3424061,0.245,1.457816166,5.216056243
3665,52.24570989,21.6867,5.644812719,3.829720908,0.703016,2.65247,5.069615,7.91502,13.787292,2433.705584,0.5,0.187510429,0.30543968,0.507049892,4.8267,5.991599999,5.40915,21.65271,255.6227477,17.07794534,2.213001236,0,0.98940674,0.007174101,0.003419158,41.50905414,1.647,0.786507697,3.062626994
3668,8.713237063,18.53462,2.63404949,3.841819528,0.24342,0.60753,1.11452,1.6544325,12.375975,591.6981132,0.499362245,0.818239796,0.004145408,0.177614796,3.80058,2.05325,2.926915,18.39825,40.17130894,9.473580394,2.178479982,0,0.981758693,0.016263153,0.001978154,212.7179585,0.168,2.051740842,6.055889776
3669,8.71091099,19.33964,3.190478021,2.22080753,0.35724,1.36749,2.87465,4.601545,6.603374,1425.535714,0.499937367,0.340974571,0.429537768,0.229487661,2.50662,3.24804,2.87733,19.33088,46.40702785,9.057485534,2.031245814,0,0.990671632,0.004889412,0.004438956,222.0162739,0.253,1.148576303,6.496758481
3672,32.49574161,23.88953,3.536121107,3.107051979,0.198116,0.99086,2.81175,5.33699,9.342446,2745.762712,0.5,0.40045679,0.321432099,0.278111111,5.79405,11.57346,8.683755,23.85909,387.5458919,27.03971149,3.049269613,0,0.952522799,0.042859787,0.004617414,73.51587875,1.202,1.208942763,4.527266495
3673,20.16915373,14.13267,4.008649996,3.215098922,0.27617,1.29106,3.21,5.81312,10.09848,26007.16981,0.49998549,0.324692755,0.369919761,0.305387484,2.81748,3.161040001,2.98926,14.10259,41.47294464,9.2523609,4.395645992,0,0.979116185,0.019671407,0.001212409,70.07071387,0.891,0.855417581,2.866309802
3674,35.36406317,29.6642,4.354717749,3.925223186,0.25615,1.06131,3.002305,8.19725,10.7307315,17749.0625,0.5,0.392767224,0.25055314,0.356679637,4.90233,5.604830001,5.25358,29.63412,295.8941005,16.43731205,2.941406194,75.4275755,0.929956858,0.060463323,0.009579819,83.88232953,3.199,1.060360181,3.965013584
3675,103.5199349,22.67459,4.669136071,3.126458913,0.4900315,2.30671,4.076,6.60639,10.660578,24850.14706,0.499991123,0.205623709,0.402530462,0.391845829,4.7687,4.1438,4.45625,22.64459,181.8513942,14.13136879,1.317199311,0,0.985060978,0.006427512,0.00851151,21.90359762,3.664,0.814619536,3.339741374
3677,13.97870372,30.45865,3.662432152,5.614518547,0.18016,0.40848,1.232885,4.23404,18.265234,4662.810811,0.5,0.552073914,0.239097169,0.208828917,6.36746,5.69225,6.029855,30.42865,383.8181276,17.4091185,2.331147737,63.58126326,0.942604289,0.047158047,0.010237664,217.8932367,1.573,2.40843379,8.354949929
3678,12.50061457,23.11326,3.918650901,4.343355935,-0.755608,1.07895,3.11638,5.22599,14.618462,570.7142857,0.499791406,0.259908219,0.330413016,0.282436379,3.10543,2.611210001,2.85832,24.62731,35.62030833,8.33367137,2.436889446,82.31642099,0.994060313,0.003697489,0.002242198,184.8969895,0.214,1.640885377,5.56697256
4544,65.80609957,22.96803,4.546218858,3.582937016,0.028385,1.3524625,4.21108,6.74509,11.30165,25572.82609,0.49999575,0.259654865,0.288812853,0.408543376,4.19318,3.30423,3.748705,23.16027,115.241616,11.73250099,1.281692381,0,0.988397604,0.003960649,0.007641747,34.90258525,3.023,0.942795682,3.928151169
4546,12.81521985,27.66587,4.278173119,3.425177465,0.3658,1.40797,3.59378,6.24034,10.85921,16993.48684,0.499998064,0.317160987,0.360207665,0.322631349,5.02647,4.94508,4.985775,27.63587,279.3570768,15.0176187,3.714597267,43.98333911,0.86281589,0.126077673,0.011106437,215.8829137,4.644,1.154883711,4.727827823
4549,7.500882265,27.05052,4.448033408,3.38659732,0.22458,2.0723125,4.28136,6.31663,10.0473555,5402,0.499973555,0.24120696,0.38885069,0.369942349,3.0531,4.97485,4.013975,27.0204,113.0420765,11.95487814,1.629002694,55.56616158,0.959485855,0.025337135,0.01517701,360.631177,1.559,2.040802227,11.41359654
4550,36.1217556,31.64236,4.543810574,3.830431511,0.229449,1.589465,3.543025,6.62807,12.05812,6928.318584,0.5,0.300536467,0.339149317,0.360314216,4.40337,4.86178,4.632575,31.61231,196.5327822,13.66560766,1.511647139,0,0.967155582,0.018705891,0.014138526,87.59917527,2.304,1.428638767,6.145654741
4551,8.744114466,28.76815,8.517568284,8.394173737,0.552689,2.04397,4.633965,12.41033,23.635568,4395.813953,0.5,0.243625013,0.266902973,0.489472014,2.66722,2.46506,2.56614,28.5794,76.4544745,7.925482742,2.987697581,0,0.995187373,0.003765379,0.001047248,329.0001533,0.854,0.953943381,2.443869597
4552,80.08082626,25.67806,4.281430144,3.09537947,0.51533,1.63899,3.77734,6.22131,9.933878,44313.40426,0.499992798,0.279536954,0.355552568,0.364910478,3.26372,3.19326,3.22849,25.64806,73.31560057,9.708072119,1.328433005,0,0.994359061,0.002778523,0.002862415,32.06517864,2.399,1.076731082,5.195741822
4553,25.57077283,26.18418,4.818607472,3.082022267,0.6498,2.3842175,4.51608,6.85586,9.903572,9791.076923,0.5,0.196694007,0.346060777,0.457245215,2.97344,3.32538,3.14941,26.15706,81.92990889,10.24094816,1.063438096,0,0.997763853,0.000458727,0.00177742,102.3988605,0.949,0.989160059,5.768729113
4554,13.43416217,20.83595,7.133244433,4.320379448,0.5687575,3.6003425,6.948595,9.7972975,15.016845,403.553719,0.5,0.099836166,0.314458325,0.585705509,6.86135,5.00113,5.93124,20.73439,316.9015869,18.71173371,1.304718604,54.54081385,0.903797934,0.031209055,0.064993011,155.096758,1.15,0.563446603,2.937716165
4559,86.52483103,32.17182,5.400751197,4.644527988,0.491317,2.29485,4.14754,6.82672,15.352456,10427.91908,0.499999446,0.192541144,0.394450203,0.413008653,10.07796,12.79983,11.438895,32.14181,1651.049437,36.83696561,4.057829969,55.15249787,0.496369933,0.474802877,0.02882719,37.18218183,12.068,1.658022575,5.835641208
4560,23.24961484,27.14196,4.428544728,3.365005427,0.42638,1.79125,3.86546,6.30424,9.918301,15860.90909,0.499994268,0.251160658,0.374643205,0.374196137,3.67647,4.97978,4.328125,27.1116,92.63842313,13.14830223,1.93665342,0,0.994130382,0.004599186,0.001270432,116.7415469,1.484,1.610067013,7.893801393
4561,10.94829455,31.84796,5.502989581,6.311642963,0.22272,0.74246,2.65433,9.57211,18.6169,3764.322917,0.499993082,0.379688689,0.292397094,0.327914217,5.29823,6.87565,6.08694,31.8179,363.0616354,18.86263975,2.394631075,69.02511816,0.952209816,0.039731867,0.008058318,290.8942562,3.885,1.350444326,3.964794676
4562,103.2478078,28.85224,4.286017102,4.017275239,0.2263,1.31176,2.9635,6.15051,13.957262,38413.29268,0.499995238,0.348535981,0.337694332,0.313769687,4.05402,3.3824,3.71821,28.82223,128.4577687,11.01667088,1.214555346,0,0.993971869,0.001181262,0.004846869,27.94465144,3.041,1.429171637,4.675503481
4563,47.55709757,16.29287,4.280822939,3.574872201,0.500623,1.05621,4.26051,5.418165,12.352235,880.7718121,0.49998095,0.354021412,0.304110946,0.341867642,9.13309,8.707239999,8.920165,16.26269,216.1611026,26.24306094,1.778862977,0,0.987856016,0.008308541,0.003835443,34.25959706,0.706,1.262359563,4.415855031
4564,103.2477668,26.70757,4.717806519,6.273902734,0.14788,0.83484,1.54829,6.734155,19.172198,4896.962366,0.499991766,0.644414191,0.084499388,0.271086421,9.20521,6.42336,7.814285,26.70752,523.6072131,24.67941779,1.22264928,80.51857932,0.980499523,0.014322332,0.005178145,25.86745538,4.493,1.461087438,3.633102872
4566,10.29954044,16.71666,4.570292853,2.582901,1.7543465,2.46407,3.64782,6.2282,9.9124295,23515.71429,0.5,0.099021931,0.517738898,0.383239171,1.22643,1.8125,1.519465,15.6035,9.779415774,4.808071468,1.492366494,0,0.997826251,0.000607198,0.001566551,162.3049115,0.695,1.026332591,3.594903492
4567,90.49379923,35.6564,2.278819892,3.143303841,-0.39683,0.49253,1.57201,2.7965,7.92881,211188.7805,0.499951494,0.48390297,0.289189112,0.087790679,5.19452,3.61022,4.40237,36.46277,261.8966613,13.98528409,2.422121102,0,0.948968485,0.042279434,0.008752081,39.40203672,8.161,3.236423168,16.17575199
4568,12.61386861,20.30955,3.785200957,3.987209491,0.45799,1.34093,2.47447,4.41136,12.67485,29787.16216,0.499793581,0.348204605,0.451400703,0.200394692,3.49332,3.801999999,3.64766,20.1901,117.0110907,10.83181896,1.230970797,0,0.982927426,0.010673674,0.006398901,161.0096841,2.439,2.406324958,9.201930066
4570,10.23657076,7.3605,3.852498203,2.364422736,0.39575,1.37927,4.47778,5.63737,6.91443,10979.25,0.499943074,0.37734818,0.180089715,0.442562106,3.21268,2.77964,2.99616,7.2584,17.25910969,8.747480439,3.49447379,0,0.893725164,0.097454774,0.008820062,71.9039625,1.169,-0.191842476,1.435771926
4571,14.96438606,7.27373,3.014957146,1.966232479,0.37326,1.2728075,2.73419,4.53713,6.7302585,16655,0.5,0.358926248,0.4317147,0.209359051,3.55275,2.52133,3.03704,7.22285,21.2334463,9.136203623,2.10051324,0,0.949272387,0.035223335,0.015504278,48.60693898,1.65,0.397320226,2.025987968
4577,27.54303975,17.18237,2.024010878,1.553597964,0.50927,1.07775,1.88024,2.3706,4.57513,29528.5,0.499935091,0.543480592,0.394878394,0.043246355,2.45742,4.10626,3.28184,17.85995,54.60107693,10.66308845,2.305193202,0,0.937890637,0.048122813,0.01398655,62.38370984,0.909,3.828281669,27.16905403
4578,28.02436653,20.60578,4.065019928,3.150129044,0.284597,1.48751,3.6361,5.5556,10.087061,18933.61111,0.499992664,0.285823271,0.396658891,0.317517838,4.36803,4.04002,4.204025,20.57539,148.0456275,12.92357932,1.413315337,0,0.975768361,0.011437325,0.012794313,73.52808485,3.843,1.127842591,4.495195498
4580,7.758935992,31.90134,11.18347704,5.355859737,2.774557,6.56133,10.87045,14.330675,20.824341,7456.086957,0.499990281,0.024899411,0.08906253,0.886038059,3.45099,3.77911,3.61505,31.87036,120.9690095,11.22501828,1.933451084,78.94708547,0.976533386,0.017900637,0.005565977,411.1561177,2.918,0.283490408,2.444971921
4581,14.5440043,17.48412,2.945268271,2.938077344,0.15503,0.38843,2.32402,4.34616,9.40325,112560.6977,0.499996901,0.47092938,0.36591937,0.163151251,2.08173,2.87771,2.47972,17.45412,48.04912984,8.23349542,1.117891113,0,0.981039916,0.00663386,0.012326224,120.215311,1.72,1.543676831,6.007512854
4582,11.50298962,22.25252,6.537401372,5.725444945,0.21436,1.31079,4.10376,12.87314,15.6650345,17790.94017,0.499990392,0.284251083,0.263876745,0.451872172,4.18715,4.48995,4.33855,22.22245,165.0136552,13.29041736,1.667386411,73.45292536,0.98291133,0.008823948,0.008264722,193.4498834,4.364,0.531461112,1.818389567
4585,55.42224462,23.4117,5.342083263,5.161124066,0.01037,1.17987,2.9658,9.705545,15.140822,11416.2531,0.499998913,0.321165027,0.23633538,0.393325001,8.14394,6.54115,7.342545,24.02206,591.0162929,24.59080748,1.587687832,44.02340209,0.967027988,0.019661241,0.013310771,42.24242479,7.935,0.844980241,2.447467919
4586,50.43309001,23.08223,5.392115376,4.655213139,0.3432075,1.36208,3.51345,9.42352,13.42254,60084.07407,0.499996918,0.382346188,0.18922328,0.428430533,4.56171,6.50233,5.53202,23.08214,252.960079,18.32907394,1.695767041,73.69664364,0.980318316,0.002718157,0.016963527,45.7680265,7.633,0.653531501,2.231954749
4590,8.926305121,3.99365,1.577697811,0.895794343,0.32974,0.84146,1.45163,2.116425,3.16891,16358.57143,0.499956336,0.719238494,0.280761506,0,0.58023,1.77551,1.17787,3.78067,0.880939013,3.913149416,4.07685445,0,0.867183588,0.130370944,0.002445467,44.74023625,0.19,0.449496062,2.191389756
4591,22.14232964,7.99178,3.766525456,1.905575316,0.4760935,2.24437,3.94485,5.3522575,6.715724,2981.052632,0.499894068,0.20575565,0.484957627,0.309286723,3.37172,4.9791,4.17541,7.99146,33.00822411,13.58311851,1.886737775,0,0.915776697,0.053580392,0.030642911,36.09276951,1.149,-0.1025763,2.001052924
4594,68.97343935,32.31213,4.989383654,4.488336936,0.20582,1.37274,3.80042,7.35026,13.7220575,35781.95402,0.499996788,0.292088415,0.295903027,0.397148437,5.90214,4.47294,5.18754,32.76216,340.2562373,16.78598388,1.667529693,0,0.987783677,0.007894133,0.00432219,46.84720714,7.034,1.404051592,6.070167024
4595,7.82326333,37.20566,7.124990085,6.487677579,0.28304,1.76563,4.27302,13.199665,18.991787,4332.200957,0.499994478,0.253327148,0.316468418,0.430204433,9.05301,4.12746,6.590235,37.15529,404.9441161,20.79188365,2.336527751,62.08417687,0.935578064,0.05288333,0.011538605,475.5772422,3.99,0.770065034,2.331364205
4597,19.2307065,30.7373,6.332968061,6.927571394,0.092185,0.33768,3.61068,10.08259,20.47768,7133.042071,0.499993195,0.418481836,0.134221976,0.447296188,5.91074,6.86511,6.387925,30.70729,522.4370783,20.7946555,1.538913242,71.68204016,0.967327399,0.014693242,0.017979358,159.8344814,6.229,0.927803503,2.559530543
4598,19.23029717,15.46341,6.596829624,3.412427583,0.947574,3.52255,8.03715,9.06672,12.043748,16278.72093,0.499996428,0.13138853,0.203125781,0.665485689,4.95972,3.20483,4.082275,15.27448,81.42310011,12.47263812,5.724826614,0,0.87177862,0.120101242,0.008120138,80.4117059,2.739,-0.156076388,2.174615918
4599,46.198125,26.12119,5.057501673,3.759458782,0.49338,1.8263625,4.35215,7.38126,12.7479,22495.18248,0.499996755,0.263193417,0.29598876,0.440817823,4.02973,5.0929,4.561315,26.12108,188.6338607,13.99282218,1.907828547,0,0.979557311,0.014568399,0.005874289,56.54166701,3.99,0.838516,3.179485357
4600,21.65255507,29.63406,4.841780023,3.353524074,0.49429,2.15637,4.400235,7.08069,10.3039925,36659.2,0.5,0.229290328,0.343848202,0.42686147,1.87375,1.91441,1.89408,29.604,39.55800222,5.901535145,1.225156997,0,0.997399518,0.001583205,0.001017277,136.8617233,1.322,0.88548112,4.475469767
4613,27.43590225,32.94057,6.332902621,4.241401855,1.30931,3.2668075,5.549245,8.18572,15.2200075,10220.58824,0.5,0.116,0.324302158,0.559697842,4.06006,2.84991,3.454985,32.23819,112.4535408,10.80489942,1.829229011,0,0.988260298,0.006132798,0.005606904,120.0637388,1.946,1.354344087,5.141034119
4614,13.79804758,24.28782,6.26600241,4.282565739,0.2901,2.55366,6.22358,9.42535,12.259654,15671.94444,0.499991138,0.191584395,0.198638756,0.58804658,3.02365,1.91731,2.47048,24.48832,49.29058413,7.911503646,1.991315578,0,0.994300906,0.00453932,0.001159774,176.0235994,1.512,0.654287951,3.938195749
4615,77.0072999,31.79835,5.069040259,3.93524862,0.48176,2.0448975,3.932805,7.4186,12.82985,21328.63436,0.5,0.237970919,0.367454974,0.394574108,6.52379,5.50637,6.01508,31.76834,432.3376845,19.45811887,1.425458318,0,0.985303556,0.005858637,0.008837807,41.29264374,5.67,1.071437865,3.914471659
4616,16.69225775,36.19526,5.001904974,3.619461316,0.76597,2.24571,4.00773,7.29658,11.35883,15883.21429,0.5,0.21213995,0.389989432,0.397870618,4.81983,2.6844,3.752115,35.91244,91.54736652,11.61018201,2.557103233,0,0.992431238,0.006404441,0.001164321,216.8386119,1.607,1.132240983,5.037574797
4617,13.68358874,34.03472,9.472510526,4.57558245,0.79983,6.78155,10.37253,12.68304,15.11149,8696.391185,0.499992081,0.091323781,0.079568169,0.82910805,7.04602,7.42915,7.237585,34.0044,600.0880962,22.83571042,1.276254852,63.36255111,0.915589908,0.035294707,0.049115386,248.7265632,8.333,-0.051744706,3.647349173
4618,9.664695003,31.19415,4.379985766,4.475591099,0.11553,0.31562,2.95829,8.01011,13.78563,31739.19668,0.499999564,0.413354163,0.203482329,0.383163508,7.02832,7.89656,7.46244,31.16415,631.6148242,22.80617678,1.580660638,49.52940701,0.866189288,0.070775995,0.063034717,322.763936,12.684,1.050327871,3.897638242
4619,48.3082597,17.79532,3.476497332,3.429432496,-0.49956,0.63935,2.51642,5.56379,9.761468,93430.19231,0.499996913,0.296185758,0.278900125,0.288283931,3.19777,2.54578,2.871775,18.72714,60.39141573,8.940738813,2.071339779,0,0.990040286,0.008055377,0.001904337,36.83701319,3.007,0.888998658,2.998369936
4623,10.1877128,16.88862,5.829570236,4.470105305,0.40855,2.60257,3.9689,8.8667,14.370316,7081.938776,0.499992796,0.166606631,0.403800988,0.429592381,3.83684,4.31621,4.076525,16.85861,107.2259017,12.12026941,2.275416249,65.7027941,0.968056153,0.024821575,0.007122273,165.7744023,1.821,0.730739834,2.259479436
4624,33.21804799,26.50824,6.954042784,5.095899027,0.54562,2.61873,5.8384,10.697645,15.151615,12941.14407,0.499995089,0.197710626,0.243412975,0.558316498,8.35938,5.6798,7.01959,26.57327,316.6691508,22.1812386,3.611266,60.52818642,0.929315635,0.059449744,0.011234621,79.80071558,6.88,0.698989586,3.155494466
4627,29.76236949,30.2217,7.642033629,4.789503409,0.39663,2.97601,8.88931,11.17461,15.316509,35368.41509,0.49998773,0.169338809,0.189576458,0.641084733,7.93089,5.78419,6.85754,30.19165,465.7248598,20.47956536,1.312694976,65.81994256,0.947782079,0.020318666,0.031899255,101.5433264,10.143,-0.015690554,1.963158682
4628,13.20218165,21.60863,5.405980736,6.311603527,0.76261,1.78963,3.07909,4.16014,19.888664,5452.058824,0.499973027,0.263473054,0.562766359,0.173760587,2.23659,2.44184,2.339215,21.40835,43.01969372,7.05813229,1.152333512,0,0.99622776,0.001629504,0.002142737,163.6746909,0.467,1.696311782,4.161012504
4631,9.090497971,25.641,9.785175526,7.408295076,0.425248,2.647,8.77705,17.71407,19.7543155,6103.157895,0.5,0.194485167,0.220334598,0.585180235,4.22071,2.929149999,3.57493,25.60131,128.8865901,10.73188429,2.412347165,77.14102102,0.98423934,0.012001541,0.003759119,282.0637558,1.879,0.115948832,1.31652145
4633,50.17103889,22.71836,3.988787351,3.452287227,0.20282,1.3617775,3.062875,5.77588,10.64337,173263.8462,0.5,0.345697758,0.342414637,0.305518928,2.31876,2.206660001,2.26271,22.76139,40.45266937,6.885429898,1.162292333,0,0.997083762,0.00080826,0.002107977,45.28182095,3.533,1.332558033,4.924052257
4636,35.7316884,23.65993,4.551608802,3.747979237,0.4737175,1.77883,3.82851,5.4639875,13.9752725,49826.53846,0.49999614,0.254044802,0.364240558,0.381714641,3.00661,4.50775,3.75718,23.62943,139.9164941,12.24137691,1.71384275,73.59254345,0.97607063,0.01439913,0.00953024,66.21553881,3.5,1.566192012,5.441175355
4637,7.924915446,22.09865,4.893104732,5.580134659,0.14297,0.50532,2.31244,9.9123,15.01345,1041.458647,0.499935025,0.4589139,0.237708824,0.303377276,19.2268,7.97956,13.60318,22.0686,751.0992741,42.62846404,1.852937432,0,0.984752496,0.011456218,0.003791286,278.8502937,1.301,0.966600134,2.26697072
4638,7.924915446,11.9846,4.368388466,3.42714595,0.429928,1.38422,3.38337,6.58892,10.299652,8632.253521,0.499991842,0.312029891,0.337173065,0.350797044,3.30497,2.88698,3.095975,11.8007,40.4698198,10.20226995,1.602951686,0,0.985320125,0.007519481,0.007160394,151.2268501,1.052,0.607956585,2.016847184
4661,30.08080559,11.82871,3.720901602,2.183395014,0.249626,2.29646,3.58406,5.07341,7.450754,11093.85965,0.499984186,0.205550723,0.536395983,0.258053293,4.40184,4.434599999,4.41822,11.79855,82.0639743,13.79616762,1.713384891,0,0.945771602,0.038992725,0.015235673,39.32311575,1.899,0.419040971,2.988432816
4662,23.69061811,11.82871,3.922719275,2.107826292,0.294434,2.48726,3.77922,5.22237,7.5831,11777.2,0.499966036,0.170940461,0.551947831,0.277111707,4.38215,4.366979999,4.374565,11.79855,70.33391599,13.33062632,1.539616679,0,0.944940679,0.038225737,0.016833584,49.92993406,1.761,0.435640024,3.117981209
4667,20.7521795,23.19617,7.682267349,4.788370608,0.73427,3.04112,7.656875,11.715475,14.4934075,4343.964758,0.5,0.1507687,0.201991725,0.646945481,7.03737,6.80743,6.9224,23.20299,319.7214275,20.50714873,2.535477479,62.85195018,0.937887972,0.044251399,0.017860629,111.7770305,3.961,0.221401203,2.436518221
4668,20.93326475,9.02293,3.998901209,2.665754861,0.2693,1.22633,4.78652,6.48259,7.780669,20081.76471,0.499897478,0.380034565,0.159172794,0.460792642,1.69502,1.77838,1.7367,8.99276,7.456567117,5.277695176,3.154920298,0,0.994211535,0.003996058,0.001792407,43.10331001,0.579,-0.050933825,1.523458335
4670,11.88905617,19.64421,6.807042431,4.86665838,1.544461,2.78764,4.42382,11.90835,14.123562,758.3333333,0.499340659,0.113846154,0.478681319,0.407472527,1.71543,2.79672,2.256075,19.60618,21.83039461,7.148992134,1.992234259,81.65221816,0.993460751,0.003300577,0.003238672,165.229348,0.234,0.530388251,1.644819721
4671,66.93549473,27.82545,4.641878217,3.529611179,0.2939685,1.66822,4.04158,7.0278125,11.069636,19875.04587,0.5,0.284252993,0.314183107,0.401550051,4.56642,3.17776,3.87209,27.82555,209.2837059,12.31350608,1.313275074,0,0.992189448,0.003116908,0.004693644,41.57054507,3.463,0.887946253,3.702850433
4672,23.24125127,17.95873,4.389396015,3.771310773,0.7562225,1.6933525,3.122365,6.2048475,11.5651075,2229.047619,0.5,0.325927508,0.363170263,0.310902229,5.9058,12.14224,9.02402,17.82803,123.2344888,27.43866121,9.871127515,0,0.913641671,0.085668619,0.00068971,77.27092569,0.837,1.489137402,5.04107125
4676,10.86579251,18.56147,8.343473952,3.593787556,3.19444,6.02701,7.439575,11.2523575,14.748768,17597.67956,0.5,0.025241902,0.089301076,0.885457023,6.06441,5.40217,5.73329,18.53146,217.1047621,16.83339934,2.075527507,64.63606896,0.877971781,0.093518812,0.028509407,170.8248154,6.018,0.533840086,2.840386285
4678,19.54544366,3.72362,1.703023161,1.312754402,0.05696,0.2874225,1.676625,3.1333775,3.5862975,3115.833333,0.5,0.530756887,0.469243113,0,1.44704,2.37501,1.911025,3.69351,6.828573541,6.115159285,1.592208441,0,0.857966517,0.089795351,0.052238132,19.05108968,0.441,0.067514217,1.413315992
4834,23.24119946,28.27193,4.476123976,3.311090446,0.8177555,2.1615575,3.871915,6.0732025,11.318079,5627.096774,0.5,0.223515249,0.42630704,0.350177712,2.7982,2.972589999,2.885395,28.14123,100.3221069,9.229933226,1.665796588,0,0.987993902,0.006395567,0.005610532,121.645744,0.937,2.187654741,13.03510302
4835,15.66693005,16.11582,7.637866693,3.843391614,1.36161,4.16812,7.87797,10.85044,13.71767,28763.37748,0.499994244,0.084447893,0.22278836,0.692763747,5.8536,4.2067,5.03015,16.085,137.1155298,15.87487699,1.800125905,72.34255559,0.940815815,0.040678671,0.018505514,102.8652068,4.716,-0.12438712,1.885938137
4838,8.037808965,30.27902,8.210749289,7.273027252,0.21239,0.62789,6.795305,15.8083625,18.442555,1663.764706,0.5,0.344741432,0.123862726,0.531395842,5.24704,7.64698,6.44701,30.24867,465.4287181,19.57117406,2.18343775,62.70860675,0.966342597,0.026020615,0.007636789,376.7073855,2.586,0.304835823,1.618206363
4839,34.45083781,26.17944,2.244876854,2.63156733,0.589302,1.049185,1.4848,2.718985,4.75073,7449.047619,0.499968037,0.664003068,0.300965288,0.035031644,2.03687,1.87191,1.95439,25.89936,31.88302634,6.057184561,2.520839962,0,0.992384872,0.006267936,0.001347192,75.99072087,0.38,5.280786744,40.69061957
5805,17.98308777,16.90263,2.249221902,3.274367092,0.116176,0.2756275,1.311605,2.93093,10.5845595,1183.181818,0.5,0.641375336,0.296580868,0.062043796,3.76202,3.685389999,3.723705,16.87258,93.34005589,11.94509907,1.304851628,0,0.984621691,0.008845724,0.006532585,93.99181173,0.56,2.861763346,11.42085858
5807,83.03537375,35.4899,4.373392134,4.37313719,0.384215,1.10978,2.53503,6.75362,14.430055,16188.75,0.5,0.450454276,0.22317453,0.326371194,2.40003,2.6783,2.539165,35.48965,83.97844939,8.143697585,1.134784008,0,0.995021114,0.001535505,0.003443381,42.74070001,2.315,1.412257962,4.705902266
5808,22.4471178,32.86184,4.377225949,4.66551291,0.31509,1.49047,3.41183,5.93722,9.700776,7123.037975,0.5,0.336597242,0.324850725,0.3382677,3.05078,4.1536,3.60219,32.88086,132.7399153,10.92174029,1.147390711,0,0.997437225,0.000886502,0.001676273,146.3967013,1.253,3.484634271,20.22108468
5809,5.841289753,8.23983,1.540479085,2.164661086,0.1418425,0.36202,0.56987,1.3071475,7.8238335,2371.333333,0.5,0.763986505,0.150126511,0.085886983,2.18176,2.237720001,2.20974,8.20948,14.48386657,6.680219535,2.241881341,0,0.966511289,0.024898545,0.008590166,141.0618262,0.311,2.104455851,6.351791453
5813,14.81221472,23.58719,7.698320953,4.900290094,1.08648,3.03567,7.69227,12.41129,15.36141,53592.5,0.499992225,0.136897265,0.253486962,0.609615773,2.037,0.9534,1.4952,23.23893,13.5877257,4.711999555,2.027171825,0,0.999162634,0.000618684,0.000218682,159.2414804,1.613,0.195195425,1.714068522
5815,16.09885105,10.76547,4.62446187,2.87030009,0.30661,2.30978,4.619575,6.7291875,9.3618735,13175.42857,0.5,0.208570065,0.331439476,0.459990458,2.22577,1.945599999,2.085685,10.71545,21.9379954,6.972155529,1.586932638,0,0.993074105,0.004211101,0.002714795,66.87104544,1.158,0.115488571,2.055771762
5816,130.4830099,33.94356,4.607589873,4.449840727,-0.114303,1.40584,3.02504,6.95131,13.71442,26635.07837,0.499997058,0.273328476,0.331585966,0.336168981,7.80814,5.734639999,6.77139,34.44526,638.5251029,21.23937849,1.481080572,67.10080718,0.972063382,0.016109737,0.01182688,26.01377759,13.697,1.578509455,6.674712695
5818,5.701829624,6.71278,2.868531093,1.436733394,0.92339,1.61702,2.67754,3.86379,5.322345,1733.125,0.49981969,0.300937613,0.623692752,0.075369636,1.85151,3.27209,2.5618,6.01827,8.710760375,7.958451383,1.600531748,0,0.963333033,0.028904305,0.007762661,117.7302803,0.171,0.506407468,2.52208028
5819,11.50555005,7.92501,2.520470757,1.7182087,0.42566,1.10968,2.09134,3.6650975,5.8788775,1446.885246,0.5,0.481305235,0.426467256,0.09222751,3.30887,2.95624,3.132555,7.89428,28.18811779,9.453801892,1.265432091,0,0.946007228,0.02174559,0.032247182,68.87988811,0.295,0.69040594,2.449173131
5820,45.18755863,32.04832,6.445477446,5.608040428,0.34189,2.40085,4.737825,9.4436,17.7884525,10862.0202,0.5,0.199643834,0.323995202,0.476360965,5.83992,4.85598,5.34795,32.01821,357.3417766,16.62717373,1.640608626,81.54926528,0.985729894,0.00968836,0.004581745,70.92288447,5.102,1.393542774,5.122926289
5821,8.659609446,9.85997,4.483108028,1.885653772,0.98619,3.36353,4.53655,5.86938,7.52171,27579.64706,0.499997867,0.101379107,0.548064003,0.35055689,3.43272,3.56622,3.49947,9.77783,44.49166398,11.13805947,1.350178511,0,0.939720824,0.028310641,0.031968535,113.8616015,1.845,-0.156714925,2.545915079
5822,38.64692023,18.84465,4.902928588,3.494454325,0.23477,2.1261725,4.43172,7.2501,11.2251475,36420.43956,0.5,0.234006988,0.320174036,0.445818976,3.79929,3.358990001,3.57914,18.8146,98.06040122,11.94716055,1.764946059,0,0.982185186,0.013312488,0.004502326,48.76106527,2.538,0.605379437,2.752932828
5823,5.923463937,8.09729,3.214578872,1.910654341,0.48999,1.5247225,2.98566,4.91976,6.180222,3733.529412,0.5,0.321017804,0.44146841,0.237513786,3.36375,1.562150001,2.46295,8.06482,14.24669416,8.24486978,1.466002601,0,0.973580837,0.010693798,0.015725365,136.6985616,0.391,0.238484302,2.06026982
5824,21.7537122,12.24312,4.275348839,2.960633322,0.27646,1.50818,4.081995,6.39547,9.3607975,8597.04918,0.5,0.304259944,0.281644483,0.414095572,2.6312,3.622930001,3.127065,12.21312,43.03962954,10.06857998,1.547313854,0,0.989844182,0.007808706,0.002347112,56.28060116,1.209,0.331038896,2.047180898
5825,92.64064703,33.46726,4.599723411,5.011286341,0.14583,0.93175,2.52257,7.09648,14.06804,11919.2987,0.49999891,0.424839777,0.244457858,0.330702364,7.67668,7.11241,7.394545,33.46721,694.3618921,22.48726909,1.317005998,64.14606307,0.976945856,0.010519366,0.012534778,36.1258919,7.493,1.743031266,6.992007761
5826,8.650076186,8.84622,2.66878584,1.906098561,0.07588,1.04191,2.69275,3.84412,6.170308,2468.556701,0.499979119,0.405387346,0.47500522,0.119607434,4.25193,3.50066,3.876295,8.81607,44.81108018,12.94581575,1.918324025,0,0.925662091,0.046290736,0.028047173,102.2675386,0.685,0.45744704,2.513897747
5827,20.50010828,15.11345,5.167929912,3.559496615,0.54073,2.04244,4.61059,7.69332,11.407986,6581.578947,0.499995557,0.241867697,0.291794393,0.466337909,3.86976,7.26333,5.566545,15.02706,143.4435046,17.40247347,2.967956871,62.04348374,0.942040793,0.049529567,0.008429639,73.72375693,3.017,0.559370276,2.544736617
5828,51.53739911,25.44568,5.696399431,4.073363228,0.59164,2.44407,4.63637,9.11389,13.3862175,34747.24638,0.5,0.189667829,0.353004721,0.45732745,2.95946,3.03986,2.99966,25.41565,90.72632676,10.06026503,1.669772608,0,0.99400471,0.003700493,0.002294797,49.37323272,3.792,0.723235227,2.705877206
5829,14.50562628,8.34885,2.83633648,1.66032815,0.370938,1.44175,2.6218,4.182045,5.6124,52073.75,0.499987998,0.355889484,0.528337214,0.115773302,1.46169,1.19282,1.327255,8.31884,5.034160656,4.1758714,3.353980517,0,0.991765943,0.007419972,0.000814085,57.55594304,0.434,0.322227508,2.226921779
5830,9.305960774,19.5919,3.989151073,3.407025113,0.4655,1.48582,3.42615,4.53962,11.584235,2924,0.499886001,0.322161423,0.484154127,0.193684451,2.83474,1.87278,2.35376,19.56104,30.80924781,7.601046944,1.075475547,0,0.994250866,0.001859777,0.003889357,210.5306532,0.464,1.499462693,5.061795782
5831,16.04568394,17.13882,4.811453628,3.209921267,1.099632,2.61778,3.99976,5.95289,11.591538,17757.28814,0.5,0.136749771,0.505774664,0.357475565,4.59663,2.10813,3.35238,17.05461,58.86495894,10.90330621,1.32794787,0,0.99022917,0.006545401,0.003225429,106.8126486,1.405,1.362349042,4.637650946
5832,15.46497303,4.59988,2.534793936,1.223072585,0.33774,1.47175,3.01932,3.60447,3.918088,27135.71429,0.499986839,0.333693077,0.666306923,0,2.11193,1.6938,1.902865,4.53447,5.926722375,6.130772483,1.795434128,0,0.898690032,0.060091701,0.041218266,29.74386047,0.86,-0.523746151,1.907697774
5835,20.12915032,19.09496,3.713271712,2.950878865,0.34105,1.1704625,2.97081,5.97477,9.0441805,33216.2963,0.49998885,0.344732617,0.366152268,0.289115115,1.81888,1.99142,1.90515,19.06495,24.98470806,6.336779518,1.491278439,0,0.997442088,0.001392893,0.001165019,94.86222568,0.892,0.836204865,2.890452158
5837,10.3493405,19.47333,4.779484147,3.92976198,0.80473,1.6549525,3.05698,10.2033675,11.1067375,7845.882353,0.499850052,0.350277403,0.334832809,0.314889789,1.60432,1.35537,1.479845,18.89248,20.18811339,4.947779545,1.283996976,0,0.994798151,0.002682184,0.002519665,188.1601054,0.548,0.809444514,2.114199739
5838,18.24772767,7.80509,2.737545659,1.930393102,0.09322,0.7347,2.95162,4.20499,6.29227,46619.0625,0.499983242,0.380658395,0.502597516,0.116744089,1.98221,2.29984,2.141025,7.77498,12.70226536,6.914422042,1.771523415,0,0.976281746,0.007090477,0.016627777,42.77294215,1.18,0.242276386,2.094582827
5839,14.40858086,10.76463,7.067564987,2.741088162,1.471552,5.40086,7.84068,9.3558375,10.3544625,6306.526316,0.499966618,0.072773401,0.142475631,0.784750968,3.29252,3.98697,3.639745,9.9718,52.3252991,11.6040226,1.261767823,58.88607665,0.923533142,0.020387303,0.056079555,74.70985589,2.501,-0.759194097,2.478200926
5840,21.90891718,23.21919,3.429847939,2.845207901,0.26948,1.0753,2.87413,5.1583725,10.045646,23167.58621,0.499992558,0.372346918,0.362828565,0.264824517,2.77341,3.24864,3.011025,23.18918,69.28275686,9.027949314,1.903189163,75.91932678,0.982850406,0.007924505,0.009225089,105.9805458,1.606,1.094809902,4.109265421
5842,46.43959739,20.7364,6.622372065,4.998233831,0.89151,2.36191,4.56302,10.933325,15.5816575,2831.22807,0.5,0.210558929,0.309734787,0.479706283,4.27463,3.81726,4.045945,20.47919,142.2557497,13.19015406,2.431830606,0,0.987211209,0.010727963,0.002060828,44.65241123,1.747,0.580697819,2.078265517
5843,19.24572737,9.0266,4.362451153,2.248018543,0.6161135,3.0338525,4.35401,5.641255,8.3780915,1569.268293,0.499689151,0.181535592,0.466583774,0.351880634,2.17307,3.10134,2.637205,8.92832,21.10551431,8.082869921,2.37873739,0,0.957424251,0.036264247,0.006311503,46.90183866,0.469,0.073815959,2.379809398
5844,115.8289745,42.33128,6.189329436,3.738384256,0.7647,3.34008,5.961665,8.68768,12.6524,59013.18182,0.5,0.135605296,0.269413357,0.594981347,5.79726,3.89358,4.84542,42.30127,274.5790496,15.46112643,1.366706503,0,0.988699199,0.005207929,0.006092872,36.54636519,7.145,0.825731792,5.243782116
5845,19.2455057,8.69213,4.611741255,2.045944421,0.7319585,3.593,4.5427,6.002905,7.9022535,1718.235294,0.5,0.140362889,0.463539884,0.396097227,1.82037,3.17254,2.496455,8.53539,13.26443669,7.736797144,3.526216251,0,0.944859757,0.052477033,0.00266321,45.16446663,0.381,-0.183668719,2.571459299
5846,23.73168192,42.11137,7.105477453,4.789641337,0.634168,3.36182,6.70521,10.95121,13.773244,8607.209302,0.499995497,0.155953635,0.202057046,0.638161628,5.99276,3.46312,4.72794,42.18455,295.4337408,15.52732664,2.368238565,0,0.962526077,0.03031579,0.007158133,177.447895,2.347,1.167775665,7.582382967
5847,6.469923124,5.05329,2.292272582,1.235766321,0.396288,1.59294,2.06817,3.66988,4.234396,1484.814815,0.499875281,0.463956099,0.53230232,0.003741581,2.39314,1.730749999,2.061945,5.05065,5.870067688,6.555707127,1.810654867,0,0.946840809,0.034636236,0.018522954,78.10432834,0.201,0.179800413,2.15930203
5848,13.55987387,26.53266,5.843689628,4.296906269,0.243892,2.99137,5.76464,8.47709,13.455084,12348.39041,0.499981973,0.184725423,0.260393873,0.554880704,5.91167,5.85828,5.884975,26.50265,452.0533148,20.74856242,1.894891166,68.25175514,0.839592586,0.128511122,0.031896293,195.6704041,4.793,0.875846862,4.270444616
5851,8.466719149,3.78462,2.765222547,0.499767429,1.836228,2.48593,2.98527,3.06876,3.300004,2261.549296,0.499782027,0.071806689,0.928193311,0,2.97888,4.12424,3.55156,2.75081,8.90489826,11.40104645,1.470010497,0,0.566963765,0.208817533,0.224218702,44.69995914,0.404,-1.01380995,3.619218134
5852,26.55235363,34.32348,6.04655792,6.253362405,0.280276,1.56222,4.2362,7.80651,22.96391,14371.17647,0.499979534,0.313399643,0.228111825,0.456005348,3.1908,2.34737,2.769085,34.37859,120.282061,8.583382111,1.571207778,0,0.997403167,0.001535192,0.001061641,129.2671847,1.806,1.677661976,5.355273191
5854,84.62058961,34.19427,7.67186216,5.924490758,1.338313,2.69138,6.03656,11.197005,19.376633,62143.57143,0.499990422,0.134596154,0.290015824,0.575388022,3.37979,2.07301,2.7264,34.16414,101.4753139,8.529835323,1.19988733,0,0.997631224,0.000857424,0.001511352,40.4089243,4.609,0.958351822,3.034577833
5855,15.04256604,11.38913,4.912233203,2.904151445,0.4387255,2.2174775,5.20682,7.3333425,9.6063025,2837.288136,0.5,0.223207885,0.259199522,0.517592593,3.89927,6.64246,5.270865,11.35686,77.21872152,16.67296918,2.812435934,59.86449746,0.945526379,0.04682228,0.007651341,75.71268075,0.902,-0.006577832,1.861101689
5856,19.28796631,31.9404,10.89200988,8.682239794,0.759956,3.89557,7.87579,19.38436,26.116546,2126.150628,0.49999016,0.130473285,0.192954836,0.676571878,5.45089,6.53585,5.99337,31.9089,484.788218,19.2409014,1.755321041,62.89592343,0.984297899,0.010677597,0.005024505,165.5975518,3.126,0.615796243,1.911564959
5858,2.734087236,4.80396,1.603817841,1.18430088,0.091219,0.728235,1.4569,2.1590825,4.154048,391.1111111,0.5,0.681818182,0.318181818,0,2.63559,2.34979,2.49269,4.78983,2.091501403,7.321190547,4.581655468,0,0.861304999,0.13325922,0.005435781,175.7061712,0.062,0.884448023,3.515985731
5859,4.217120888,2.22434,1.286205769,0.725729435,0.5188575,0.5598125,1.191315,2.1177575,2.2013275,2860,0.5,0.653846154,0.346153846,0,0.4333,0.693390001,0.563345,2.17919,0.135017886,1.701245872,1.99137255,0,0.974027461,0.014247605,0.011724934,52.74546447,0.029,0.10756207,1.237991698
5860,13.18654685,5.12581,2.932041271,1.337865945,0.664296,1.83597,2.93397,4.15938,4.908914,1211.333333,0.499724821,0.280682444,0.696202532,0.023115025,1.61942,1.33789,1.478655,4.78448,1.23971896,4.930720192,6.144633739,0,0.995571179,0.002648423,0.001780397,38.87151093,0.102,-0.094849394,1.862585096
5865,77.81252517,32.38205,6.562242349,4.620088378,0.76096,3.19697,5.69404,8.65654,16.1778125,14869.6,0.49999462,0.13917792,0.292462474,0.568359606,5.48844,7.37096,6.4297,32.30944,401.3341139,19.86903173,1.447304633,0,0.992978202,0.003206862,0.003814935,41.61547248,5.816,1.110560972,4.212829946
5866,23.08536403,22.17506,5.225904416,4.185963442,0.48464,2.16716,4.10503,7.62969,14.285125,34743.16456,0.499998178,0.182507442,0.400275439,0.389738807,3.14914,3.33641,3.242775,22.5213,125.4797542,10.65953213,1.188094613,0,0.987766669,0.002682274,0.009551057,96.05679154,3.04,1.266621328,4.586060701
5867,17.97642933,7.61335,4.613830238,1.913898087,0.89472,3.25173,4.9867,6.41823,6.844428,4902.323944,0.499978452,0.108212547,0.387025412,0.495769468,4.60153,4.40718,4.504355,7.97978,56.69756391,14.51302482,1.585841265,58.83408493,0.912360664,0.037132094,0.050507242,42.35184786,2.119,-0.620824786,2.31725938
5868,7.538076433,18.77418,0.977521299,1.906212692,0.09852,0.24683,0.36683,0.76307,3.61854,104703.75,0.499928369,0.878323365,0.084864439,0.036812196,1.58586,1.80548,1.69567,18.74414,16.25974257,5.1059695,3.252106782,0,0.93649981,0.055480859,0.008019331,249.0579681,0.515,5.611564749,43.98794898
5869,39.17979742,31.53196,7.15418973,5.185979778,1.27076,2.27953,5.90502,11.51188,16.30144,12145.58824,0.499996698,0.177785116,0.257530628,0.564684256,8.38444,5.86808,7.12626,31.46982,627.9118322,23.97790764,2.253926871,32.61849659,0.928233796,0.057274877,0.014491327,80.48015068,7.481,0.533751209,2.067974788
5870,109.3892618,38.41811,3.446998334,4.28570045,-0.25233,0.39082,1.43333,6.75251,12.987733,94076.44788,0.499993023,0.435348316,0.123004785,0.302947164,5.28079,7.351050001,6.31592,38.84012,517.1855984,19.49934026,1.435822671,73.87831656,0.963106314,0.021173554,0.015720132,35.12054964,10.966,1.570689298,5.282331355
5871,16.34711105,29.42611,6.438001141,5.321127189,0.14279,1.38402,6.45909,9.92991,15.693144,9863.553719,0.499995811,0.281066452,0.164106947,0.554826601,3.60194,5.44551,4.523725,29.3961,236.1724299,13.82788727,1.663761081,32.24449244,0.960193045,0.025296928,0.014510027,180.0080143,5.188,0.833516761,3.760429633
5872,37.67735606,27.83457,4.575318897,3.949635735,0.261596,1.61431,3.65521,6.3565,12.41119,71921.02564,0.49999287,0.278913481,0.377247836,0.343838683,3.25489,1.48719,2.37104,27.80451,68.66492199,8.221255495,2.250572214,0,0.992274823,0.005940297,0.00178488,73.87612325,2.668,1.63255882,6.726766908
5873,7.597169194,22.89071,7.483029309,1.97078219,6.73171,6.79869,6.91383,7.0448,14.48994,94751.66667,0.499963354,0.000693333,0.0012694,0.998037267,4.86517,2.249770001,3.55747,22.62724,94.17594872,11.71900113,1.177475323,0,0.926207389,0.017105833,0.056686779,301.3057813,2.032,3.660360141,16.15611084
5875,62.50117125,25.67685,4.766520584,4.46005729,-0.9224,1.41195,3.93063,7.337085,13.16781,61631.74757,0.499997637,0.205415189,0.280154441,0.408314653,4.36125,4.0754,4.218325,27.78249,179.6204339,12.84525737,1.518345171,0,0.994287726,0.003539468,0.002172807,41.08219012,6.195,1.046678769,4.320427181
5876,39.36153162,25.86927,6.16750296,4.352318082,0.71534,2.35985,5.24254,9.180425,13.994091,58943.27434,0.499997748,0.20290695,0.282036576,0.515056474,4.83823,3.540560001,4.189395,25.64931,165.8572167,13.27210868,4.106276076,0,0.94652018,0.048962325,0.004517495,65.72221389,5.355,0.532798667,2.299679043
5877,24.37569137,33.89866,5.69875012,4.399412941,1.02711,2.46228,3.84424,8.94227,14.89018,27996.75824,0.499991169,0.202790354,0.387313288,0.409896358,4.9711,5.08334,5.02722,33.39354,358.2439097,15.8591007,1.16110662,61.71860016,0.972479881,0.008575383,0.018944736,139.0674811,5.811,1.033921107,3.261177857
5878,37.24496376,18.00184,6.508604992,3.316787744,1.396514,3.60137,6.64091,8.91212,12.332722,11305.44118,0.499993496,0.080622293,0.29168672,0.627690987,2.47354,4.07081,3.272175,17.53577,54.59304621,10.24546708,2.813605477,0,0.985098213,0.013703272,0.001198515,48.33362201,1.637,0.200264822,2.178698225
5880,8.987221211,14.18499,3.85109611,4.783407086,0.12328,0.4541125,0.888335,8.65229,14.08635,2614.831461,0.5,0.677208663,0.003910278,0.318881059,2.94604,5.009459999,3.97775,14.15497,50.81097102,12.51951131,2.703374245,75.36420218,0.974872352,0.017649587,0.007478062,157.8351046,0.71,0.963512867,2.261407749
5917,67.99762807,32.90124,5.339450418,4.346728569,0.149,2.05639,4.25223,7.8931875,13.9836555,42013.13869,0.499994788,0.206602036,0.323299976,0.437767122,3.22649,5.52325,4.37487,33.29142,217.0528481,14.51809948,1.225959942,0,0.995869818,0.001096161,0.003034021,48.38586424,6.329,1.007758103,3.648883568
5918,5.233088964,7.82083,2.875129697,2.16041341,0.4200375,1.09274,2.29175,4.1382475,7.171406,5088.888889,0.499781659,0.434934498,0.377510917,0.187554585,1.24352,1.4841,1.36381,7.7615,2.757068324,4.369820152,4.194720243,0,0.993365941,0.005956215,0.000677844,149.44959,0.19,0.818147679,2.448901315
5919,86.91230674,34.02828,6.849324127,4.662126321,0.4983435,2.7225325,6.37999,10.1543,15.1488195,40897.69784,0.5,0.1429941,0.244313764,0.595884098,4.24761,4.80162,4.524615,34.51159,259.9918393,14.23419288,1.36714819,0,0.992829161,0.002945937,0.004224902,39.15242993,7.893,0.557974083,2.829525359
5920,6.577372428,27.7831,12.99487298,4.814474498,2.55789,12.32971,13.14258,15.59364,19.52446,7803.495146,0.5,0.037386782,0.083258684,0.879354534,3.42515,4.18966,3.807405,27.75245,184.1705598,12.2947433,1.228120112,67.9563213,0.972913839,0.011024713,0.016061448,422.4042397,3.771,-0.837989677,3.751448639
5942,21.14928044,24.38662,4.241925239,3.670672989,0.15229,1.54225,3.53517,5.76796,10.36165,44612.04545,0.49998217,0.2849312,0.397375352,0.317693448,3.9264,1.670310001,2.798355,24.35652,71.47483977,9.361536705,2.228111726,0,0.984707515,0.012236844,0.003055641,115.3070908,1.974,1.751284146,7.452257121
5945,51.54545087,26.12182,8.660170907,5.841632743,0.46875,3.239815,8.09885,13.47816,17.669618,28081.89266,0.499999497,0.144349808,0.220177266,0.635472926,7.20609,7.711420001,7.458755,26.09179,514.870683,22.13620481,1.594687569,70.45584518,0.968803048,0.010238907,0.020958045,50.67725582,11.337,0.175988073,1.696282409
5947,27.92770071,23.48094,3.478493096,3.576037518,0.07484,0.67703,2.36514,4.70293,11.2037,27534.58564,0.499985954,0.450707899,0.330248648,0.219043453,5.0315,6.278019999,5.65476,23.45094,247.708802,16.74583163,2.144924961,72.18362686,0.949385984,0.038094043,0.012519973,84.07759824,5.057,1.401569416,4.643146721
5949,49.14346528,20.57415,2.786147263,2.659463326,0.03621,0.8199,2.1935,3.89266,8.178945,109028,0.5,0.42491837,0.393110027,0.141050923,1.22692,2.526500001,1.87671,20.74535,18.64331143,6.163750328,1.791513289,0,0.997472021,0.001453484,0.001074496,41.86548483,1.701,1.722216302,6.842655234
5951,9.144116607,11.04115,4.812806246,2.177397958,1.4398915,3.3684375,4.689455,5.49374,8.92799,7212.5,0.5,0.084263432,0.592573657,0.323162912,3.86516,6.68961,5.277385,10.33545,82.29838485,16.45406633,2.22378276,49.51640766,0.867653947,0.071782074,0.060563979,120.7459449,2.398,0.586631349,2.879551317
5952,33.26343615,20.78705,4.347813453,2.478696823,1.133472,2.31684,3.84101,6.03303,9.000752,94992.14286,0.499913527,0.200745926,0.437810646,0.361443428,1.51039,1.507449999,1.50892,20.20501,16.02730491,4.689313471,2.26594264,0,0.996967683,0.002431441,0.000600877,62.49219085,1.181,0.737177144,3.14557336
5953,18.40706757,7.80662,3.512255325,1.606930392,1.209508,2.27599,3.31431,4.61071,7.24632,1946.693548,0.499979287,0.18331331,0.656779485,0.159907204,4.24298,4.85114,4.54706,7.00171,40.28508386,13.63108733,1.832645617,62.21648675,0.843360452,0.11811108,0.038528469,42.41099225,0.95,0.592068422,2.971114284
5954,10.20844837,9.01315,5.412963513,1.785368287,1.9114615,4.28737,6.070335,6.3503975,8.4810125,916.4948454,0.5,0.056130484,0.285151856,0.65871766,3.50809,4.81226,4.160175,7.73716,35.23210866,12.78971185,2.336220126,53.2559617,0.856312398,0.094535429,0.049152173,88.29108672,0.696,-0.530799798,2.69172674
5958,15.977386,1.94886,0.510171755,0.748398013,-0.673124,-0.1302,0.50668,1.28172,1.586388,1415,0.499411072,0.666666667,0,0,1.13859,0.89949,1.01904,2.86154,0.217486412,3.269043849,2.585348894,0,0.978625816,0.014858971,0.006515213,12.19761481,0.078,-0.022434189,1.765865601
5959,25.80937574,22.73735,4.666560998,3.521231599,-0.10401,1.59203,4.71032,7.144735,9.875311,8888,0.5,0.244074407,0.21609661,0.474572457,1.82808,1.60505,1.716565,22.92041,17.14871664,5.180421934,1.420058909,0,0.995569026,0.002547854,0.00188312,88.09724896,0.575,0.827378412,3.972987964
5963,6.348907661,27.85209,5.545219905,6.943714382,0.14825,0.30035,0.46612,13.466985,16.7599005,11622.51748,0.499957883,0.613344003,0.028886536,0.357769461,4.7709,4.54916,4.66003,27.82205,238.2528001,14.40074983,2.54980463,75.50544228,0.985650159,0.007829015,0.006520825,438.691055,4.097,0.705310681,1.724389803
5964,81.75198452,34.56066,4.768400944,5.044862769,0.49523,1.42954,3.15403,6.4282,17.5604,16263.33333,0.499994606,0.331711632,0.34226168,0.326026688,4.2006,2.44034,3.32047,34.46142,84.13754858,10.25866159,2.743850215,0,0.994690062,0.004415886,0.000894052,42.27501045,1.604,2.095185263,7.686322158
5965,8.66440873,28.53343,14.08063836,5.811227175,1.677968,12.441935,14.349095,17.65358,22.4513015,5253.763441,0.5,0.052517397,0.068788375,0.878694228,4.397,3.26407,3.830535,28.23838,134.7944135,11.74277302,1.107920855,76.74282806,0.978610793,0.009520762,0.011868445,329.3176821,2.84,-0.460031354,3.483578254
5966,12.20577782,11.46708,4.638281675,3.243469094,0.61927,2.25692,3.71323,6.27527,10.816896,1773.566879,0.499982043,0.200323218,0.445932843,0.35374394,6.95866,7.30039,7.129525,11.24544,82.93891134,20.98935342,6.797875814,0,0.853049726,0.14195316,0.004997114,93.947966,0.639,0.747195711,2.413055457
5969,39.73735138,22.34068,5.034342966,4.861487622,0.31209,1.00801,3.89961,7.70576,15.261882,21899.32927,0.49998747,0.454749978,0.13458481,0.41065129,5.92249,3.7464,4.834445,22.34793,205.0682315,15.81247696,1.95880826,0,0.979166162,0.016804909,0.004028929,56.22085827,4.571,1.03031443,3.169423184
5970,10.971956,13.03236,3.41225216,1.991080958,0.41075,2.21526,3.55508,3.75344,5.81213,75565.25424,0.499938318,0.220449269,0.602644476,0.176906255,3.30139,2.57512,2.938255,13.00234,45.1757367,9.547980942,1.161777429,0,0.96758507,0.010325699,0.022089231,118.7788212,1.782,1.137398767,6.03841939
5971,24.2790505,23.05326,6.030739918,5.493965629,0.62588,1.74502,3.94245,8.4481325,18.02194,48121.39785,0.5,0.261112688,0.339843898,0.399043414,3.85689,7.398680001,5.627785,22.95668,247.468591,18.49578293,2.206461961,73.78872419,0.983476125,0.011911297,0.004612578,94.95124201,6.969,1.120803016,3.088690954
5972,13.10501527,20.81987,8.607268642,6.819455753,0.7836285,2.32315,3.944245,14.9539925,18.1997375,11821.66667,0.5,0.205390291,0.329315287,0.465294422,3.04812,1.99994,2.52403,20.70855,51.39715637,7.97664108,1.807085316,0,0.993445261,0.004370152,0.002184588,158.8694829,1.545,0.192430381,1.243207689
5979,35.33741775,21.93232,8.090054305,5.076077084,1.108588,3.74565,7.60192,11.20473,16.842688,33800.64748,0.499998936,0.118045076,0.212883836,0.669071088,4.34218,4.59515,4.468665,21.90237,179.5900034,13.71775814,1.359604733,70.25653825,0.986451672,0.005210638,0.00833769,62.06542921,9.644,0.428104519,2.377346743
5981,19.22071762,27.72171,7.845726804,5.467855453,0.359485,3.14964,6.7423,13.97801,16.6071275,35820.67568,0.5,0.168728992,0.202325397,0.628945611,4.31422,5.05736,4.68579,27.69083,250.2979323,14.69334252,1.599571905,77.05596277,0.98570851,0.004969038,0.009322452,144.2282778,5.931,0.302032269,1.785769121
5982,11.27317309,28.54666,5.800597683,5.769576682,0.2301,1.05176,2.77701,9.60626,16.92031,20923.5,0.499980086,0.375455031,0.233780199,0.39076477,2.79843,3.286710001,3.04257,28.51211,97.33807092,9.27237932,1.373010024,81.61760538,0.994567131,0.000302469,0.0051304,253.2264854,1.718,0.856665892,2.477203705
5983,9.772849806,8.93201,3.983890859,1.857037755,0.759892,2.53504,4.299045,5.70894,6.25016,38369.28571,0.5,0.174595566,0.457615839,0.367788596,3.40017,3.02503,3.2126,8.81462,25.44601873,10.05896325,1.879924286,0,0.925644987,0.052084308,0.022270705,91.39616568,1.491,-0.251472342,2.032664362
5984,84.15844898,32.44112,7.211902904,6.162240867,0.316159,2.03005,4.85513,13.84399,17.35962,38251.80412,0.499991915,0.246238638,0.261822433,0.491938929,8.08252,6.4582,7.27036,32.41107,674.2177055,24.16282198,1.381209317,73.67276226,0.968439077,0.014094657,0.017466265,38.54766859,19.539,0.685071514,2.348286111
5985,89.84777401,23.85367,6.261558345,4.233918844,1.011212,3.00571,5.31717,8.79758,14.89956,119382.5,0.499993718,0.125474839,0.341411011,0.53311415,1.52317,2.20629,1.86473,23.82367,24.4013104,5.616196542,1.753768299,0,0.997963769,0.001222283,0.000813948,26.54898272,4.002,0.88188046,3.117510571
5987,11.72977017,27.70003,6.296121109,6.105998316,0.74447,2.13882,3.45266,9.43355,17.92571,2688.870968,0.499970008,0.233579269,0.427208926,0.339211805,3.52963,3.03344,3.281535,27.66471,118.1946239,10.24768208,1.525420871,79.28750256,0.992865007,0.002960582,0.004174411,236.1515154,0.937,1.069802463,2.525032471
5988,12.95329739,26.6164,11.85200262,6.096291913,1.76425,5.971355,14.12104,16.000555,19.146509,730.3508772,0.499879894,0.052606294,0.177516214,0.769877492,3.96289,2.29411,3.1285,26.18808,73.04322118,9.845437925,1.713384071,0,0.986673252,0.009361375,0.003965373,205.4797262,0.556,-0.274005235,2.001035675
5989,8.825894022,19.3903,5.937061853,5.463087705,0.401542,2.13731,3.92308,7.64683,17.204872,2252.44898,0.499954698,0.228775935,0.367853583,0.403370481,2.90303,2.5225,2.712765,19.30689,53.38186697,8.414671839,1.710576904,0,0.995827321,0.002150235,0.002022444,219.6978567,0.704,1.099889748,2.857477225
5990,3.892883418,32.41432,11.48365446,6.121522166,0.809402,8.8360625,12.21193,15.7997675,19.8301225,1307.755102,0.5,0.097846442,0.139669164,0.762484395,2.86812,3.48471,3.176415,31.994,89.60434187,9.565117741,2.325510051,0,0.985167008,0.011919139,0.002913853,832.6558112,0.726,-0.35245672,2.267464854
5991,4.590703036,20.82224,2.686928602,3.070108951,0.080172,0.880895,1.82697,3.42678,7.338628,636.9879518,0.499905428,0.513902024,0.38225837,0.103839607,4.91496,2.27309,3.594025,20.79206,115.9056039,12.27286558,3.110247399,0,0.81166855,0.16868431,0.01964714,453.5741005,0.356,3.146008855,15.8515926
5995,8.495506857,13.90007,9.567802149,3.979517435,1.049332,8.20719,11.85163,12.36968,13.23002,683.5407725,0.499984303,0.083571406,0.106395002,0.810033592,8.71944,7.5838,8.15162,13.86927,317.3871095,25.0345396,1.148686753,57.78465867,0.904813508,0.022794417,0.072392075,163.6167239,2.197,-1.124202777,2.859127729
5996,17.27122484,17.79667,6.014237758,3.437268765,0.828529,3.3271575,5.70115,8.58158,12.7735485,7024,0.5,0.131691344,0.296625854,0.571682802,1.85211,1.99009,1.9211,17.43651,14.89531869,5.64592032,2.384680602,0,0.998517385,0.001121807,0.000360808,103.0423156,0.564,0.3686845,2.490407805
5997,13.92436178,32.56552,7.703720351,6.140069935,1.356402,2.8261,4.490285,15.014345,18.94466,3386.136364,0.5,0.096852138,0.44060004,0.462547822,3.79675,3.65262,3.724685,32.47557,132.2866016,11.32963608,1.528631322,82.23803672,0.989256327,0.006903622,0.003840051,233.8744175,1.277,0.700632417,1.867087625
5999,28.83170868,33.57824,6.578303132,4.530882324,0.777185,2.91185,5.93648,7.721535,14.91265,7145.388128,0.499974438,0.132531121,0.246996498,0.616919302,6.57349,5.33742,5.955455,33.63892,461.1622648,18.42516386,1.630445981,67.01493233,0.924472217,0.048868778,0.026659004,116.462886,4.84,0.906291532,3.606941623
6000,81.76190746,26.47252,5.848828374,4.564805289,0.75159,1.99378,4.581795,8.9572825,14.949326,7725.818182,0.5,0.25202391,0.279882095,0.468093994,8.1343,5.81223,6.973265,26.47242,279.7194543,22.41334973,1.947352079,0,0.992513555,0.005608335,0.001878111,32.37757144,3.19,0.836645719,2.723900058
6303,34.14916512,23.8432,7.136816312,6.689835221,0.45853,2.07414,4.30174,12.05255,20.869684,45736.01156,0.499989257,0.238432927,0.332445689,0.429121384,4.58109,6.07166,5.326375,23.79747,220.8220411,16.7624323,3.067744613,79.28221163,0.989847365,0.007232452,0.002920182,69.82074061,6.142,0.980672309,2.544286147
6304,5.104969577,5.37348,1.933941149,1.015883522,0.405274,1.16453,1.74964,2.63874,3.618635,10100,0.5,0.518811881,0.471287129,0.00990099,0.32621,0.64504,0.485625,5.05444,0.101708022,1.583707467,1.395429069,0,0.994656794,0.004819719,0.000523487,105.259785,0.067,0.535684952,3.180611038
6306,3.321163179,2.15638,1.238574272,0.419562969,0.636446,0.97595,1.21234,1.679085,1.828132,560,0.495145631,0.951456311,0.048543689,0,0.12029,0.218499999,0.169395,1.55537,0.000607399,0.513482961,7.817414239,0,0.999561123,0.000214232,0.000224645,64.92845681,0.013,0.323282469,2.245060017
6307,20.69327197,18.55888,4.298761493,2.990955836,0.5497515,2.3345975,3.59518,5.48588,9.9674875,671.8181818,0.499932341,0.181799729,0.501894452,0.316305819,6.49968,10.42932,8.4645,18.49336,165.6562276,25.57603098,4.908044752,0,0.954627401,0.04348192,0.00189068,89.68557524,0.741,1.454562602,5.898183987
6308,1.862568164,22.11433,4.357152678,5.280347084,0.149795,0.5850175,1.778835,5.73151,15.65062,382.9268293,0.5,0.503821656,0.214649682,0.281528662,4.71107,3.23623,3.97365,22.08167,102.6106952,12.53356424,1.966728075,0,0.986619361,0.008954669,0.00442597,1187.303124,0.37,1.489132435,4.394628417
6312,10.01165285,19.39243,4.459203162,3.786111965,0.38939,1.33823,3.45761,6.62776,11.442005,828.9393939,0.499908609,0.329738622,0.259367574,0.410893804,3.81822,3.71712,3.76767,19.35143,88.28689713,11.17008366,1.202275394,0,0.979339627,0.006336707,0.014323666,193.6985858,0.455,1.277184845,4.903788371
6314,15.13816104,16.92229,3.753341301,3.069708576,0.374616,1.20139,2.69358,5.76621,8.811304,1242.653061,0.499917885,0.381014945,0.294301199,0.323370011,4.69616,2.22408,3.46012,17.14893,41.04944375,10.75403918,1.605030556,0,0.987407259,0.008216647,0.004376094,111.7856387,0.457,1.076085013,4.154788618
6315,27.24018066,17.49878,3.009872065,3.655109278,0.235468,0.81889,1.49335,2.84184,12.365477,2343.469388,0.499956457,0.603065401,0.198118958,0.198815641,3.16753,2.58251,2.87502,17.46429,37.74807394,9.006636095,1.683247586,0,0.99421694,0.002946502,0.002836559,64.23885442,0.528,1.8857587,5.666422959
6317,26.54053897,18.29199,4.508279024,3.44894259,0.3452965,1.58811,3.82123,7.0703175,10.25367,4639.565217,0.5,0.29458345,0.291865805,0.413550745,2.83874,2.29673,2.567735,18.26196,47.92781317,8.291345318,2.93820896,0,0.993081003,0.005227469,0.001691528,68.92094399,0.771,0.934246301,3.972922662
6318,8.379003062,21.7729,3.699044072,4.928109008,0.207666,0.63155,1.1819,4.6098175,13.659564,1054.42623,0.5,0.683146766,0.06840796,0.248445274,3.76993,2.601919999,3.185925,21.72033,76.24677305,10.05788291,1.656870069,0,0.986487264,0.009403821,0.004108915,259.8507226,0.422,1.459047997,3.671188289
6319,16.85312333,8.79145,2.79983584,1.609777803,0.43552,1.58323,2.65769,3.8217,6.096134,117432.7273,0.499868397,0.287355236,0.59563696,0.117007803,2.95467,2.56772,2.761195,8.71152,18.05888816,9.047051485,1.314301171,71.38817506,0.912412271,0.069763648,0.017824081,52.16510809,0.826,0.627498423,3.03607287
6320,12.96639674,15.46535,2.28243997,1.860050122,0.2249835,0.87049,1.784565,3.086195,6.7203665,2023.255814,0.5,0.505977011,0.433793103,0.060229885,2.33798,3.530350001,2.934165,15.41773,20.66875785,9.14004369,4.693890337,0,0.954411018,0.041853823,0.003735159,119.2725343,0.197,1.656250518,6.745005074
6463,4.398482732,3.55983,1.76879025,0.753415487,0.566612,1.17512,1.796335,2.3219,3.1407575,6410,0.5,0.605304212,0.394695788,0,0.99373,0.46631,0.73002,3.21137,0.081311374,2.273464365,4.287052211,0,0.987489979,0.011379547,0.001130473,80.93313575,0.078,0.19323727,2.422382154
6464,33.6277204,28.53493,7.602354078,5.385019003,0.58739,2.98827,6.714525,11.71789,16.9061275,9943.79562,0.5,0.208059899,0.187110035,0.604830067,3.88844,4.87454,4.38149,28.48695,194.4781579,13.97059107,1.477350534,78.07977858,0.987324666,0.004003258,0.008672076,84.85538022,3.517,0.428196421,2.132139963
6465,19.8535277,23.89942,7.514260981,4.31938438,1.7145615,3.95226,6.66345,11.08211,15.7088545,14751.02362,0.5,0.051270965,0.292700894,0.656028142,5.59428,3.371889999,4.483085,23.82656,182.4584003,14.0588324,1.305463114,74.22879388,0.976749647,0.010716828,0.012533525,120.3787073,4.127,0.438483447,2.152884723
6466,8.63903759,17.21912,7.788453721,5.779555746,0.6480335,2.00558,11.54783,13.040955,14.9163805,2734.945055,0.5,0.24734812,0.238428158,0.514223722,4.21238,3.42993,3.821155,17.00013,100.3378024,11.85023343,1.597726951,77.67812135,0.985915917,0.006221894,0.007862188,199.3175724,1.222,-0.013331828,1.176339358
6467,43.52832049,23.72355,4.977838269,5.290480597,0.53167,1.2920575,2.06573,7.45182,16.0379835,36362.89855,0.499992029,0.472997641,0.206417594,0.320449255,5.90096,1.69362,3.79729,23.72422,87.44033211,12.92722497,3.569321135,0,0.986224486,0.012518638,0.001256876,54.50141364,3.133,1.276055001,3.361913311
6468,12.20577782,22.08716,11.44317174,5.239403074,0.769833,11.9932,13.35775,14.23396,17.633216,6651.492537,0.49999626,0.089270354,0.138307341,0.772422304,6.84016,4.03952,5.43984,22.05628,323.5385491,17.87044389,2.058181613,41.75273196,0.884673675,0.084838194,0.030488131,180.9565955,6.557,-1.036491657,2.626745824
6469,99.78984081,2.21607,0.728825392,0.534418713,-0.0385,0.31661,0.66779,1.0781825,1.749384,52068.3871,0.499993805,0.91634451,0.017235398,0,2.44583,2.04193,2.24388,2.44355,4.05099041,6.814109859,1.435527103,0,0.456279534,0.264258368,0.279462097,2.220737083,1.263,0.496882834,2.657022843
6470,25.86301391,20.81204,8.465429766,4.902095499,1.15303,4.3992,7.82148,13.262435,16.075012,4750.703125,0.499997259,0.093500414,0.191051763,0.715447823,6.29516,11.30159,8.798375,20.77742,424.6744048,27.56874925,2.034446367,70.27334307,0.969764751,0.012662839,0.01757241,80.47028111,5.467,0.178876343,1.915873398
6472,3.292156856,24.13951,5.28324172,3.839121092,2.15713,3.58987,4.30373,5.748,13.27927,988.2608696,0.499780026,0.032116146,0.63616366,0.331720194,1.86512,2.09967,1.982395,23.4425,33.35815632,5.863574163,1.60160342,0,0.994043241,0.00323156,0.0027252,733.2430093,0.2,3.111071627,13.10339535
6473,8.547452568,21.25601,4.733370042,4.846809333,0.291958,1.0845625,2.42044,8.9303775,13.1693915,2312.666667,0.5,0.435283943,0.251081003,0.313635053,1.7135,2.789700001,2.2516,21.22412,38.28591772,6.895818083,2.339539284,78.25162985,0.989651815,0.007905732,0.002442453,248.6823978,0.523,1.053186195,2.867004516
6475,61.14010901,30.89777,7.922455782,4.738523113,1.570234,3.943545,7.27961,11.33507,16.283431,7740.2,0.499998154,0.08418018,0.255692913,0.660126907,6.81235,6.913319999,6.862835,30.8237,517.4435751,22.49816664,2.530461437,0,0.968566912,0.025303804,0.006129284,50.53600737,6.719,0.566104627,2.684499356
6477,15.42337503,21.91722,6.456772296,5.773257974,0.761912,1.43893,3.33933,11.22464,16.870077,5675.533981,0.5,0.429350987,0.106948578,0.463700434,4.1666,3.884459999,4.02553,21.58559,88.62112032,12.29888622,1.959327736,0,0.99212454,0.004425149,0.003450311,142.1039167,1.562,0.631592823,2.015777966
6478,19.14793004,21.46868,3.214871813,3.951188491,0.1019105,0.66915,0.93527,3.8611,12.4197,16123.12821,0.5,0.568609833,0.210977382,0.220412785,7.4328,8.658030001,8.045415,21.43866,591.1598291,24.81501651,2.621682287,44.22152467,0.772682464,0.184733778,0.042583758,112.1201089,8.975,1.52555567,4.216310878
6479,69.95465704,26.57159,5.350380206,4.551270314,0.51012,1.81884,4.06722,7.41476,15.1292975,97907.41935,0.499996705,0.275442897,0.316421372,0.408135731,3.77261,3.026450001,3.39953,26.4726,103.0879348,10.41488448,1.546836043,0,0.991575771,0.00607959,0.002344639,37.98401868,5.578,1.255732256,4.174671291
6480,64.68687905,23.25943,4.224205005,3.863477059,0.19998,1.036355,3.15237,6.37469,11.4852,11506.76768,0.499995611,0.384057399,0.271487135,0.344238934,5.38417,8.02399,6.70408,23.26179,442.2099094,20.8902053,1.877605041,71.35054252,0.976069777,0.017540749,0.006389474,35.95695192,5.022,1.199587125,4.230059361
6482,15.42353541,23.3042,6.482656619,5.233437321,0.792705,2.38815,4.57608,9.915005,15.840635,11535.09091,0.5,0.194891477,0.33972227,0.465386252,5.54998,2.65118,4.10058,23.27065,189.990535,13.44065424,1.800995523,0,0.98190072,0.012002972,0.006096308,151.0950595,2.821,0.900888327,2.755230712
6483,46.37545982,23.16289,6.331130073,3.835829076,1.772208,3.41732,5.49525,8.331745,13.583143,6171.103896,0.499994739,0.078886726,0.36673857,0.554374704,4.7088,5.12707,4.917935,22.05943,205.1860534,15.40545217,2.285437437,69.56493735,0.975653704,0.018375152,0.005971145,49.94643738,2.201,1.204964893,4.595348164
6486,8.047473652,21.84432,10.41916844,5.549095442,0.71588,5.01508,11.70688,14.38865,17.952238,2327.171216,0.499973343,0.115466226,0.133752732,0.750781042,11.05076,8.951269999,10.001015,21.77529,459.5829983,29.7507569,3.487736917,70.45719894,0.650213127,0.326882743,0.022904129,271.4432,3.29,-0.456382238,1.961106667
6487,7.470968917,34.14527,7.438837455,5.955628212,0.667102,3.0005425,5.262515,10.6849,18.992234,4748.62069,0.5,0.153765159,0.304117348,0.542117493,2.31593,3.75354,3.034735,33.95157,91.8415052,9.534634203,2.22369895,82.49426636,0.987771305,0.009433416,0.002795279,457.0393798,1.086,0.8857673,2.553552458
6489,6.788617013,11.06933,4.904532079,2.502832072,0.51663,3.147825,5.00671,6.727355,9.14488,8175.227273,0.4999861,0.154624559,0.344054933,0.501320508,2.61509,2.71404,2.664565,11.02756,25.14994364,8.169715259,3.154846433,0,0.946983842,0.04560369,0.007412468,163.0572174,0.594,-0.054613919,2.246666036
6490,6.940064615,15.06558,6.506290471,5.489028452,0.3406,1.65577,3.59707,13.31793,14.650148,1674.255319,0.49993646,0.287965434,0.277163553,0.434871013,2.50175,3.27125,2.8865,14.92835,44.51542285,8.578060555,1.979111648,83.5439273,0.983027399,0.014307924,0.002664678,217.0812642,0.387,0.393797957,1.392837027
6491,6.481844252,19.88802,4.192299491,2.530807002,1.1712635,2.47158,3.631025,5.19734,9.193926,3548.484848,0.5,0.132109308,0.583347566,0.284543126,1.84617,2.323869999,2.08502,19.74897,37.69127545,6.946461539,1.596484453,0,0.97186109,0.019133714,0.009005197,306.826564,0.585,1.590766904,7.759644882
6492,10.90055655,18.27289,6.305531671,3.848500933,0.215008,2.69709,7.19916,8.96276,12.582328,3734.0625,0.499958155,0.176583815,0.199430915,0.623985271,2.5436,1.9541,2.24885,18.24281,33.49086813,7.054060302,1.973978929,0,0.985418976,0.011720677,0.002860347,167.6326334,0.777,0.062664953,2.207909779
6493,7.402171885,4.94123,2.111770152,1.403488654,0.294258,0.90575,1.8853,3.3694475,4.5539415,4994,0.5,0.525030036,0.474969964,0,1.12962,1.35644,1.24303,4.80306,1.945405956,3.931287,1.492295502,0,0.985939615,0.010453012,0.003607373,66.75378628,0.191,0.457967991,1.955913117
6494,6.681087514,4.3971,1.957353834,1.095203822,0.37237,1.02777,1.86993,2.848505,3.621185,1707.307692,0.499887362,0.535255688,0.464744312,0,2.44406,1.83508,2.13957,4.232,4.095322384,6.351476445,1.292932841,0,0.936751432,0.029620051,0.033628517,65.81413566,0.196,0.284512947,2.070709562
6495,7.579813195,22.22102,2.839161796,3.945550568,0.2448,0.70381,1.70039,2.56651,13.18572,4675.882353,0.499937099,0.519059001,0.367467606,0.113473393,2.0178,1.06255,1.540175,22.18945,26.99141785,5.179946759,3.150395713,0,0.979487577,0.018443905,0.002068518,293.1605229,0.261,2.437008551,7.842050815
6496,24.52044199,21.06626,3.814872208,3.318383309,-0.24868,0.91758,3.18077,6.17338,9.90524,36900.71429,0.499990322,0.29892956,0.270048973,0.338146764,1.6217,1.24155,1.431625,21.65966,17.21182738,4.798314421,1.636727595,0,0.998597004,0.000319552,0.001083444,85.91305167,1.042,0.74241316,3.067811881
6497,7.787511876,27.98349,3.711046531,5.7787973,0.2250115,0.3561175,0.56142,3.4431625,16.671718,1663.333333,0.5,0.662965932,0.12509018,0.211943888,4.66267,4.84208,4.752375,27.95304,239.9493472,14.58434933,2.165795498,55.66181294,0.961426228,0.029956687,0.008617085,359.3380074,1.205,1.594535957,3.896005991
6498,18.42724335,8.05302,4.091449451,2.123362084,0.69478,2.06279,4.301415,5.99248,6.934489,2718.078603,0.5,0.234416169,0.332513977,0.433069854,5.87079,5.26972,5.570255,8.02645,81.28128812,17.89802719,1.585765675,50.12821609,0.814443378,0.092092635,0.093463987,43.70170755,2.863,-0.242599105,1.676380978
6501,79.81335994,29.66233,4.427647888,3.912342653,0.0924005,1.288485,3.530285,6.3787125,11.809918,9434.303797,0.5,0.281319183,0.32482457,0.358474997,4.06569,7.42491,5.7453,30.07847,267.0426548,17.47118358,2.278349463,63.94467591,0.97346909,0.021399206,0.005131703,37.16461758,3.914,1.339556649,5.276984943
6503,5.701375291,4.16433,1.841739091,1.140456579,0.2920075,0.9044375,1.59441,2.5868375,4.06973,552.6829268,0.5,0.586496028,0.413503972,0,2.41803,3.54072,2.979375,4.00602,8.075664946,9.062110555,1.496288157,0,0.865962205,0.092357457,0.041680338,73.04079783,0.173,0.533601926,2.311543848
6504,54.76479315,31.37372,7.00936437,4.261656362,1.3745,3.52147,6.23693,9.94798,14.87413,33893.03571,0.499992097,0.076617088,0.315946702,0.60743621,2.55401,3.406020001,2.980015,31.33911,81.59642561,9.232083037,1.071407035,0,0.998177357,0.000100756,0.001721887,57.28811924,3.417,0.738385399,3.42418456
6505,38.93699928,30.56723,8.08310663,4.758254729,1.2441125,4.13739,7.666975,11.48562,16.27421,4834.69697,0.5,0.084051522,0.227438445,0.688510034,8.8379,6.24747,7.542685,30.41825,629.1428816,24.38499507,1.963852354,0,0.96532758,0.025118646,0.009553773,78.50432896,5.898,0.527884774,3.012231411
6507,56.9912324,30.19222,7.009560553,4.641961241,0.86341,3.29818,6.05709,10.2417225,15.7156845,13545.92275,0.499996832,0.128562829,0.288698435,0.582738736,4.9479,6.85338,5.90064,30.16158,403.5030565,18.6793053,3.249051786,60.73786687,0.958295675,0.037458849,0.004245477,52.9769558,6.314,0.606988565,2.539739495
6508,10.7305434,6.359,4.246218432,1.31315595,1.6085185,3.2088775,4.73229,5.26689,5.5808605,28803.39623,0.499980348,0.064680528,0.474275832,0.46104364,3.50194,2.06302,2.78248,6.2538,17.22996238,9.257363367,2.066198244,0,0.816880977,0.090210693,0.09290833,59.26074537,1.668,-1.029689686,3.207559034
6509,44.43108062,23.71888,5.432887659,5.069859914,0.46526,1.40398,3.42382,8.83336,15.9176,78071.16505,0.499998135,0.330644309,0.275525317,0.393830374,4.78162,3.624310001,4.202965,23.51643,117.0182555,13.00184345,1.339947245,82.06975635,0.980397758,0.014895102,0.00470714,53.38353168,5.967,1.031142669,2.844172394
6510,7.240310827,19.77416,3.784637652,4.792904346,0.132305,0.93393,2.06845,3.7507,15.96154,17430,0.499992247,0.484765316,0.345598611,0.169636073,2.42343,3.292409999,2.85792,19.74404,53.25475765,8.792407965,2.666750271,0,0.987066858,0.010351439,0.002581702,273.1120317,1.332,1.864218354,5.12225032
6511,31.04101036,15.0512,4.542227794,3.578395575,0.46769,1.26957,3.18608,7.85992,10.779986,39536.31579,0.499982694,0.346700568,0.248994262,0.404305169,3.67768,5.244320001,4.461,14.84487,63.27562957,14.51791508,2.044848216,0,0.977849707,0.015358141,0.006792152,48.48811242,2.198,0.506236214,1.908530093
6513,97.8237523,33.54216,6.527693921,5.45027965,0.53135,2.21873,5.24268,9.3040825,17.27181,25478.46154,0.499998687,0.227767962,0.253757518,0.51847452,6.3308,6.67934,6.50507,33.51102,527.3083261,20.44952756,1.802761017,74.68526621,0.969429749,0.018543096,0.012027155,34.28835964,11.463,1.039603785,3.394496933
6515,19.76547154,12.98712,3.94252721,2.334542193,0.705666,2.2024,3.60901,5.42092,8.29018,7347.866667,0.499990927,0.197807981,0.503946724,0.298245296,2.59071,4.03825,3.31448,12.73028,49.31686769,10.63624296,1.491484962,58.0010814,0.950089704,0.026539927,0.023370369,65.7060975,3.227,0.633630579,2.781162847
6516,39.26705866,36.46595,8.067137349,6.567816931,0.78215,3.03374,5.87127,13.00766,19.98127,4483.249027,0.499976133,0.150026688,0.264408368,0.585564943,10.06851,7.42901,8.74876,36.43904,940.2975431,27.62254291,1.655721303,76.57910155,0.968080383,0.021383098,0.010536519,92.86651775,8.048,1.024603771,3.318280639
6517,8.809156864,26.60218,6.493654175,4.597855512,3.65997,4.11622,4.97389,6.22316,22.065834,7157.173203,0.499987443,0.023359717,0.478422169,0.498218114,11.3756,8.7528,10.0642,26.5721,1071.879061,32.42444809,3.61969165,36.73135942,0.68042101,0.294643024,0.024935966,301.9832705,3.042,2.500750769,8.810370681
6518,100.1334794,26.01924,6.24079693,4.708359531,0.581247,2.5373,5.00898,9.17535,15.59858,49896.35294,0.499998821,0.195346117,0.303940639,0.500713243,3.11371,4.42595,3.76983,25.9888,146.1897939,12.09010135,1.473927594,0,0.995854151,0.002228153,0.001917696,25.98455597,6.55,0.877777181,3.160921111
6520,9.925168071,32.97707,10.75991417,8.143534777,0.301776,3.00429,8.24148,18.15698,21.26742,4786.854839,0.499991576,0.115656115,0.260238893,0.624104992,3.1595,5.804710001,4.482105,32.94555,302.9638039,14.10921107,2.14228376,82.74781401,0.973991506,0.022333083,0.003675411,332.2570435,3.274,0.300508784,1.760120457
6521,16.49691132,23.66025,4.245027578,3.573180577,0.76681,1.87826,3.30672,5.18221,12.030306,1984.513274,0.499977703,0.270100334,0.449810479,0.280089186,4.1061,3.90661,4.006355,23.20094,113.5957647,12.41765201,1.34778913,0,0.991184216,0.004106611,0.004709173,143.4223021,0.771,2.013410545,7.688939632
6523,79.3133577,29.19225,4.381807422,4.730885303,-0.50735,1.33681,3.29396,6.1244,12.6398,23557.80749,0.499992055,0.212048641,0.321750342,0.33713859,8.81652,3.7588,6.28766,30.13072,315.4682012,19.95597708,2.635747135,0,0.987983226,0.009677126,0.002339647,36.80622136,5.765,2.154827648,9.302609009
6524,19.05220664,31.86555,12.05973123,9.244279625,0.583526,3.84467,9.87997,20.5081,28.2426195,5533.448276,0.5,0.144450676,0.164194761,0.691354563,5.70321,5.103619999,5.403415,31.83545,380.6808326,16.76380332,1.529378553,78.55066245,0.987100587,0.007102304,0.00579711,167.2538546,4.396,0.482352466,1.917395833
6526,7.101732531,35.84305,9.009168795,7.133647961,0.33316,2.41687,9.153885,12.20685,22.242364,8575.211268,0.5,0.208478418,0.171867814,0.619653768,3.16613,4.82657,3.99635,35.81263,163.9734944,12.15865214,1.821770786,82.76469994,0.982302703,0.014103338,0.003593959,504.7085319,1.921,0.797920253,3.135615938
6527,7.163874717,32.26658,6.076032015,5.997128342,0.2694725,0.93283,2.60648,10.1476525,16.4038,7003.333333,0.5,0.381141255,0.163850547,0.455008197,5.0235,3.865569999,4.444535,32.23657,215.6261445,13.44440378,2.704935986,0,0.970570634,0.025848606,0.003580761,450.4068158,2.343,0.887317485,2.72550164
6528,104.2057412,40.88879,5.424772472,4.758943116,0.79678,1.73672,3.86783,7.33113,15.06254,39590.23346,0.499999509,0.287545861,0.299097073,0.413357065,6.65435,5.43646,6.045405,40.85873,665.3570455,19.98661284,1.708390616,73.65148747,0.969660724,0.021122966,0.00921631,39.23851941,12.292,1.521952002,5.609919111
6529,10.94406498,13.43021,4.346959027,3.159958946,0.28322,1.59121,3.73365,7,9.501666,12803.93939,0.499988167,0.300262703,0.303126405,0.396610892,3.03917,1.56225,2.30071,13.42897,24.56847403,7.279192599,3.960243826,0,0.97031913,0.027106198,0.002574672,122.7168334,0.707,0.488926942,2.202195433
6530,15.76324363,8.57196,3.159647526,2.394463764,0.33359,1.13815,2.30297,5.20297,7.47796,16802.90909,0.5,0.427761427,0.305239352,0.266999221,3.70552,3.3279,3.51671,8.45258,22.66325919,10.59569039,5.090347317,0,0.985308577,0.011377222,0.003314201,54.3794171,1.023,0.562616947,1.911770022
6532,10.5639391,17.58904,5.515991013,3.820811473,0.82135,2.2469,4.636515,8.69309,12.48029,1098.477509,0.5,0.214074214,0.32026082,0.465318465,5.70246,7.26748,6.48497,17.59496,250.3722685,20.96743285,1.435210586,35.35052799,0.902183608,0.050568513,0.047247879,166.5007706,1.701,0.540639783,2.228842401
6533,13.27585121,15.01199,4.471547363,2.233944314,0.8436965,3.0829725,4.45425,5.84289,8.209255,19817.64706,0.499970318,0.15037103,0.473849807,0.375779163,1.17614,1.96354,1.56984,14.98084,15.71052618,5.111724993,1.884320946,0,0.99653988,0.001613652,0.001846468,113.0774197,0.533,0.327070211,2.997829216
6534,8.669158635,31.54014,4.67617726,5.30999344,0.06705,1.34305,2.63224,4.84574,15.75971,35334.46667,0.499989623,0.352830192,0.405034178,0.24213563,4.99912,5.02356,5.01134,31.51007,315.1942308,16.01325683,1.45736335,63.07877406,0.977320279,0.010889854,0.011789867,363.8200814,4.766,1.557240389,4.07183078
6535,54.66430544,26.76894,3.279444746,3.952318503,0.20941,0.78924,1.61175,3.66184,13.101636,16850.57402,0.499978485,0.549833798,0.251406534,0.198759668,6.0196,10.2359,8.12775,26.73893,382.4732144,26.04838531,3.505127494,50.43383738,0.800438885,0.183658613,0.015902502,48.96968832,5.146,1.871206393,5.859325403
6538,10.16079861,16.74935,6.078956301,4.255173052,1.750374,2.48458,6.21908,6.84237,15.112832,4748.181818,0.499980854,0.048056672,0.411181313,0.532605782,2.46368,3.63085,3.047265,17.44416,46.87770997,9.691436978,2.008076522,76.05926834,0.985034396,0.008711663,0.006253941,164.84285,0.662,0.975471558,2.900340134
6539,20.30685001,9.08704,1.958412537,1.758267674,-0.26032,0.61382,1.72477,2.86686,4.84386,311484.7368,0.499989017,0.417835798,0.432292872,0.047924964,1.95802,2.229499999,2.09376,9.68867,8.614470794,6.312643596,2.068046742,0,0.988584427,0.009202653,0.00221292,44.7486439,0.939,1.334006226,5.762977496
6541,25.23866213,26.6839,9.081569596,6.306503529,0.99958,3.77607,7.44916,13.53579,22.17401,8693.438395,0.49997528,0.120882924,0.209069845,0.670047231,6.65168,7.26407,6.957875,26.51023,544.6529167,23.09282213,1.027485668,72.376381,0.965696409,0.012269492,0.022034098,105.7262856,9.594,0.669077337,2.69061334
6545,7.274509203,28.82997,7.411429971,6.647479394,0.773528,1.7272725,3.24761,15.620445,16.7345345,1879.090909,0.5,0.258829221,0.336236091,0.404934688,1.95078,1.87549,1.913135,28.36951,31.9395654,6.101337914,1.731672702,0,0.997466484,0.0016718,0.000861716,396.3149842,0.379,0.533293062,1.656567509
6546,64.82779966,32.40319,7.328118414,5.365275292,1.40993,3.530915,5.98181,9.65536,17.041444,16355.51724,0.499998829,0.086246922,0.318867876,0.594885202,5.23633,6.664539999,5.950435,32.37295,482.1622582,19.47861656,1.875887962,79.76613449,0.991940915,0.004174988,0.003884097,49.98347957,7.472,1.579693657,5.910656695
6547,6.847933151,14.21285,3.143779563,2.509867556,0.38212,1.12635,2.606425,4.20878,7.403222,22795.06849,0.5,0.295641932,0.520642533,0.183715536,6.96631,3.11392,5.040115,14.00652,35.79723696,15.60386594,3.386617434,0,0.953928948,0.04278779,0.003283262,207.5494852,0.55,1.716026481,7.551874484
6548,40.26989984,31.36757,8.669325707,5.126957513,1.467471,4.849645,7.72219,12.30672,16.30494,11746.42077,0.499998837,0.073453371,0.185893157,0.740653472,7.74202,6.25273,6.997375,31.35883,737.4271488,22.06462294,1.267167741,61.73112798,0.943600127,0.021114975,0.035284898,77.89334001,12.451,0.620980775,3.515170504
6551,60.89658895,25.19436,8.266683288,5.810656895,0.713554,3.2148,7.06538,12.13755,18.435084,17809.43978,0.499997641,0.147998496,0.228359052,0.623642452,7.41457,7.30163,7.3581,25.12602,417.6582356,23.05633332,1.263392673,74.56828847,0.977717856,0.005770957,0.016511188,41.37236655,12.299,0.448467676,1.996783649
6552,25.18540255,16.7791,5.695243904,3.411280149,1.25337,2.63383,4.76383,8.77471,11.65263,53705.52632,0.49999265,0.145907752,0.376742568,0.47734968,2.5822,2.284899999,2.43355,16.3462,31.46934989,7.514842215,1.614316355,0,0.994108099,0.001597373,0.004294528,66.62232207,1.746,0.410663628,1.910167835
6553,99.48502813,2.81341,1.208345085,0.616332958,0.390858,0.67608,1.13555,1.64496,2.35638,170662,0.499986328,0.870351924,0.12964417,0,1.46875,1.55737,1.51306,2.8136,2.234882883,4.69091332,1.001042851,0,0.823963082,0.027953532,0.148083385,2.827973267,1.233,0.468386602,2.310731371
6554,4.429921893,3.41471,2.187763713,0.661487939,0.8411035,1.9538,2.303565,2.38786,3.23941,29200,0.5,0.281833007,0.718052838,0,2.63924,1.31566,1.97745,3.45234,4.09506023,6.167259827,2.52565865,0,0.469804321,0.44715407,0.083041609,77.08284892,0.54,-0.537807063,3.612729744
6556,60.20060505,36.99029,6.157056903,4.105684443,0.855618,2.81987,5.45637,8.82878,13.270602,24436.10063,0.499997426,0.147268965,0.304905105,0.54782593,5.70616,4.21163,4.958895,36.96009,301.9963772,15.71571052,2.242771732,0,0.985491741,0.011479058,0.003029201,61.44504689,5.533,0.838195194,3.891382914
6558,20.10911656,26.60433,8.762411097,5.728928036,1.092941,3.3096,7.906935,13.00375,16.8473635,5894.887218,0.5,0.140149486,0.205568735,0.654281779,5.49762,3.700200001,4.59891,26.38882,179.4954239,14.80681422,1.082146343,50.83074222,0.989092866,0.001562479,0.009344654,132.2998448,2.843,0.210015375,1.764598041
6559,43.91342037,23.55294,6.752442922,4.242603618,0.95227,3.28868,5.93615,9.80142,13.8723135,40015.87302,0.499996033,0.126418088,0.277655692,0.59592622,5.89457,1.83674,3.865655,23.4194,78.57090631,12.96838832,1.537900053,0,0.996259609,0.002142447,0.001597944,53.63494759,3.379,0.555824166,2.557889858
6560,14.61356306,2.12947,0.992564802,0.492542379,0.1979915,0.5756375,1.02715,1.38494,1.72002,57120,0.5,0.970063025,0.029936975,0,1.14811,0.78453,0.96632,2.09354,0.104339659,2.812793398,7.671301864,0,0.994735167,0.003337885,0.001926948,14.57187402,0.057,-0.00577428,2.102303124
6563,30.59426792,23.33201,9.425880003,5.896700032,1.6610345,4.2932325,8.30407,13.5093825,19.92634,16346.47399,0.499992928,0.07789062,0.22070836,0.70140102,4.53807,5.66975,5.10391,23.07823,245.0585657,16.47437685,1.778845716,75.90246763,0.979493569,0.011140134,0.009366298,76.26268445,7.258,0.415967106,1.979552503
6565,116.0990631,25.66828,6.711057737,4.193093233,0.940355,3.36179,6.01791,9.68051,14.42212,188672.1951,0.499994829,0.125330293,0.276224346,0.598445361,2.12787,3.18517,2.65652,25.63806,76.32813679,8.048134394,1.225004904,0,0.993372537,0.002193338,0.004434125,22.10894672,7.787,0.531067076,2.535146705
6566,57.19797468,27.46956,4.285278933,4.38298886,-0.722613,0.5126,3.012735,7.32816,12.9643915,72835.73034,0.5,0.219353077,0.226686803,0.369748457,3.15862,3.68942,3.42402,28.55144,132.333513,11.41589762,1.257824021,0,0.9962383,0.00106801,0.00269369,48.02540677,6.075,0.78414256,2.650326889
6567,11.86925629,8.03634,3.605707721,2.17636222,0.470834,1.77621,3.3841,4.96293,7.22067,8271.403509,0.499989395,0.290877468,0.465034891,0.244087641,2.10825,4.09712,3.102685,7.89759,18.40897615,10.26618922,2.726620862,0,0.949500715,0.0428585,0.007640785,67.70719079,0.673,0.324566245,2.025663394
6568,11.97781453,35.84508,7.395034927,6.240206934,0.9391745,2.9707825,5.19648,11.08147,20.8048885,2905.086207,0.499970326,0.129751625,0.346612659,0.523635716,7.1261,6.262089999,6.694095,35.81477,411.7847411,19.98748312,3.15078036,63.62201213,0.867057125,0.120262329,0.012680546,299.262273,3.185,1.23090178,3.595584757
6569,18.44805651,29.06685,10.65593458,6.118779324,2.587308,5.4579625,8.490455,16.53982,20.187055,4108.976378,0.5,0.022497317,0.191303848,0.786198835,7.72388,4.836420001,6.28015,27.93906,422.0155371,19.55805066,1.420746106,72.35519838,0.94896409,0.031417319,0.01961859,157.5604996,6.272,0.307115191,1.731195744
6572,5.900166862,42.09715,6.087266678,5.625712167,0.3766965,0.6774375,4.240795,9.31375,17.0586405,14172.45902,0.5,0.302792301,0.251596262,0.445611438,3.15725,2.98817,3.07271,42.06458,130.2799375,9.274716711,1.160817333,67.50372419,0.983555223,0.004248696,0.012196081,713.4908382,2.657,0.77218193,2.30278956
6576,21.58653377,21.1016,5.038116865,4.039000173,0.51131,1.7159,3.98036,7.9881775,13.754882,20021.61616,0.5,0.261873531,0.327302814,0.410823655,4.38334,3.46311,3.923225,21.07106,107.9266652,11.94477886,1.467571514,70.96649432,0.977918022,0.011003834,0.011078144,97.75353572,2.401,0.985566857,3.312248983
6577,10.22484038,9.11359,6.190856192,2.517138959,0.88755,3.95507,7.36674,8.18461,8.82707,116966.5957,0.499993633,0.109001843,0.175209143,0.715789014,2.00373,4.244159999,3.123945,8.84201,17.28809532,10.32113675,3.575512649,69.79734465,0.972564708,0.020841972,0.00659332,89.13185592,1.429,-0.935903051,2.581357149
6579,85.54311503,27.02194,5.628629214,3.999167045,0.5007,2.67023,5.10529,7.68835,12.52069,17454.57143,0.499997272,0.156340541,0.306422659,0.507434265,5.26422,3.005419999,4.13482,28.21206,182.2634272,13.0738388,1.754201846,0,0.96711428,0.0222435,0.010642221,31.58867898,4.963,1.114510037,4.822740514
6580,14.67504587,19.10925,7.267299353,4.769942549,0.6623265,3.0127,6.06958,12.451755,14.5997475,7886.825397,0.5,0.145883229,0.278593998,0.575522773,4.63766,3.95395,4.295805,19.05108,112.8563333,13.2945972,1.671387038,77.69788322,0.986710539,0.004118866,0.009170595,130.2159473,2.605,0.198711012,1.558367558
6582,46.40777451,35.60026,8.948769736,5.880097324,0.96824,3.87164,7.84637,13.6543275,18.769364,13139.82533,0.5,0.11049777,0.211308001,0.678194229,5.51973,5.63706,5.578395,35.45295,428.9464584,18.39289624,1.454262569,74.86725694,0.985510977,0.006343013,0.008146011,76.71184489,7.53,0.419158628,2.13236061
6584,12.44698236,21.96625,8.857227882,5.984586371,0.366958,2.0908,11.825115,13.0007975,17.66974,2991.898017,0.5,0.237809381,0.114795387,0.647395232,10.07656,5.52566,7.80111,21.93603,600.0348006,24.4902884,1.906520167,62.05078055,0.949442467,0.005901908,0.044655625,176.478518,4.985,-0.191383414,1.600279423
6586,6.913742903,18.83097,3.721942986,1.751813508,1.319332,2.5931,3.48188,5.01844,5.656968,3691.869159,0.499987343,0.063058502,0.6842012,0.252740298,4.59231,3.64439,4.11835,18.80022,93.48607777,13.41273511,1.190619534,37.23192184,0.737864392,0.095129267,0.167006341,272.3701223,1.245,2.923989771,27.14926966
6587,113.8632614,28.51689,6.752502544,4.890026453,0.770185,2.87654,5.51891,9.49327,16.3598,18279.2,0.499995623,0.167582826,0.286393278,0.546023896,5.09807,4.47792,4.787995,28.40402,182.4471405,14.58226815,1.812654742,0,0.99055431,0.00628461,0.00316108,25.04485613,6.56,0.803900356,2.826444674
6590,108.6323668,42.81468,4.49026043,4.109433336,0.2541,1.27437,3.25288,6.43635,13.495732,27416.34686,0.49998856,0.339560932,0.320228054,0.340211014,5.83245,7.134989999,6.48372,42.7846,622.8110571,20.66485786,1.391156018,76.23538027,0.983820087,0.003237665,0.012942248,39.41245255,9.438,1.329625001,5.096222109
6591,47.54655963,20.87322,7.225764937,4.026403307,1.57952,4.04518,6.75292,9.90856,14.411949,16725.06667,0.5,0.091750506,0.252961622,0.655287871,2.62049,4.153329999,3.38691,19.69934,75.73474494,10.6001803,1.158192292,0,0.995203277,0.001354795,0.003441929,43.90058958,2.451,0.515414881,2.559539208
6592,30.47807579,28.0759,6.604412075,4.783303035,0.34093,2.38634,6.39757,9.72702,14.67468,14395.8651,0.499998981,0.208350394,0.22354904,0.568100567,6.69622,6.64184,6.66903,28.04588,507.9542425,22.01719319,1.127900815,55.39085633,0.956606355,0.005203211,0.038190434,92.11834827,7.996,0.667483103,3.534944142
6593,40.40228134,31.28153,4.496966796,3.469892699,0.51399,1.609635,3.8813,6.57301,10.53853,28801.5493,0.499997555,0.277132001,0.32479669,0.398071309,3.59152,3.24728,3.4194,31.25143,123.1271624,10.74148928,1.271421325,0,0.990040883,0.003377039,0.006582078,77.4251576,2.98,1.594804961,8.584114292
6596,32.52415583,38.05948,7.534797687,6.447355429,0.7369365,2.40261,5.25915,11.50634,19.191488,17216.17284,0.499996415,0.198166381,0.290166438,0.511667181,4.35362,7.249199999,5.80141,38.02933,298.3025517,17.6655795,2.064800486,81.82128731,0.987559392,0.009020425,0.003420184,117.0191171,5.069,1.036957669,3.430957452
6597,91.54610124,37.33256,3.54694248,2.982347063,0.35655,1.18273,2.74327,5.0658,9.406682,105161.6667,0.49999434,0.370228152,0.374181249,0.255590599,2.64025,2.74089,2.69057,37.30254,63.59676491,8.399540163,1.019341433,0,0.993107967,0.00163932,0.005252714,40.78006545,3.905,1.29865187,5.19460859
6598,13.61195313,4.02268,1.872310296,1.00822014,0.2240465,1.11906,1.94791,2.5231975,3.565219,8841.333333,0.5,0.51726738,0.48273262,0,1.02895,1.89346,1.461205,3.87835,2.977178296,5.020379672,4.241799544,0,0.898886248,0.093890214,0.007223538,29.55255547,0.348,0.041015685,2.215147857
6599,25.59640429,29.66618,4.925832182,4.381445486,0.23088,1.21232,3.86416,7.692505,13.5655505,43438.26923,0.499993359,0.329388744,0.255344676,0.415266581,4.21297,4.38491,4.29894,29.63613,208.6239056,12.70535198,1.757295354,50.71550867,0.959029706,0.027149691,0.013820603,115.8997946,7.22,1.259498549,5.410868622
6600,11.56524574,25.62017,10.22777283,5.654917541,1.05362,4.23937,13.05204,14.05696,18.3622065,5772.751678,0.499988374,0.106564048,0.17959867,0.713837282,4.7699,4.90582,4.83786,25.56214,168.1258793,14.78667104,2.087385721,76.15576932,0.961738975,0.028290432,0.009970593,221.5272427,3.236,-0.378100181,1.791547009
6704,12.82121441,9.08214,3.588893723,2.210840729,0.561382,1.64085,3.45032,5.76979,6.791186,4376.086957,0.499950323,0.339393939,0.327670144,0.332935917,2.21953,1.71647,1.968,8.81677,6.915250494,6.358654492,4.95512649,0,0.993015991,0.004923697,0.002060312,70.83681551,0.253,0.192515585,1.614424027
6706,53.06988046,24.39124,7.0490397,5.001476697,0.49488,2.9444,6.35518,9.62976,17.433346,16529.47761,0.499997743,0.169069279,0.240974589,0.589956131,6.97057,8.480599999,7.725585,24.36122,670.5947211,23.83380107,1.924357065,77.80849704,0.950506653,0.039846059,0.009647288,45.96060852,11.055,0.665791469,2.685756376
6707,21.78443822,23.0034,7.738595043,5.306257396,0.8781,3.13547,7.2861,9.41453,19.09251,23809.4,0.4999958,0.110452174,0.206208472,0.683339353,4.36581,4.0208,4.193305,22.76587,145.5956672,12.54024528,1.655015134,79.29771653,0.983291428,0.010762067,0.005946504,105.5955621,3.906,0.771412402,2.750754862
6708,10.14142144,23.26374,9.301373509,7.10363025,0.41612,2.26447,7.37643,15.52983,20.03926,8747.64881,0.499998299,0.237614869,0.163455486,0.598929644,5.95798,7.94056,6.94927,23.23368,592.5990686,22.30495375,1.634490404,69.316861,0.946973728,0.035984124,0.017042148,229.3932871,8.641,0.110493141,1.432670242
6709,9.446165183,9.04845,2.890988277,2.124226273,0.301852,1.251515,2.3353,4.03366,7.423208,25097.5,0.499950194,0.384450642,0.446159976,0.169389381,1.69885,0.762130001,1.23049,9.01281,2.416223736,3.954611058,5.516602928,0,0.999493123,0.000293699,0.000213179,95.78966517,0.24,0.85727935,2.88078348
6711,10.93412732,9.47393,3.495390935,1.435376631,0.869678,2.6373075,3.48133,4.5712975,5.719726,3214.492754,0.5,0.160279531,0.659648332,0.180072137,2.93631,3.32876,3.132535,9.02977,24.4096568,9.786207519,1.37693728,0,0.858752698,0.075771364,0.065475938,86.64550654,1.35,0.068515229,2.844837544
6712,10.59446796,23.27261,7.595506362,5.580105487,0.716256,2.5626,6.45482,12.06606,17.59989,22734.7619,0.499996509,0.177121952,0.254648151,0.568229898,3.33146,2.95178,3.14162,22.94268,85.1925084,9.9661678,2.659089947,0,0.988318201,0.009771788,0.001910011,219.667567,2.843,0.529789469,2.186697313
6713,41.13261916,22.38257,7.853707318,5.887570408,1.188532,3.02784,5.45286,13.09656,18.72081,45978.17391,0.499997163,0.086880543,0.384091507,0.529027951,4.88662,4.44291,4.664765,22.27636,153.0874706,14.35932959,2.918666895,0,0.979004006,0.016863324,0.00413267,54.41562064,4.579,0.702791732,2.161774524
6717,15.5023344,16.34536,5.912328534,4.311132927,0.695762,2.52924,4.62999,8.39085,15.070844,32369.25926,0.499994279,0.183129856,0.345641155,0.47122899,2.52944,1.533369999,2.031405,16.21916,16.60674224,6.461471112,3.442822816,0,0.997008784,0.001670156,0.001321061,105.4380559,1.261,0.793081594,2.64815084
6718,11.4254485,14.00384,3.620914154,2.84133467,0.50919,1.60642,3.29117,4.67698,11.613264,8422.375,0.499977738,0.284257706,0.620178394,0.0955639,4.17982,3.11332,3.64657,13.83034,57.41558457,11.62787004,1.144658585,0,0.987061525,0.003055901,0.009882574,122.5670922,1.031,1.90855387,7.140658884
6720,13.49709055,14.98477,7.319626601,5.028931694,0.8663785,2.69228,5.2069,12.8810325,13.6085395,7171.276596,0.5,0.158374128,0.32780003,0.513825842,3.13038,4.45996,3.79517,14.58488,61.3301374,11.658092,2.513899749,75.4165438,0.980783944,0.013169575,0.006046481,111.0222232,1.726,0.160058574,1.285822449
6722,9.799317569,23.63475,9.831586278,5.967358486,0.787229,3.459,13.65524,14.8063475,16.535269,9220.45977,0.499987534,0.136116582,0.202747513,0.661135905,4.94067,3.16971,4.05519,23.51945,118.6683934,12.4310551,2.310011482,0,0.971620725,0.023218608,0.005160667,241.1877137,2.111,-0.313889071,1.425214872
6723,12.45082551,13.2497,5.341736167,2.261231719,1.534118,3.7830825,5.49955,6.7237725,9.146412,5863.75,0.5,0.077580169,0.357493072,0.564926759,4.71696,3.688940001,4.20295,12.88326,63.38587669,13.10714357,2.877129753,0,0.769363881,0.203023657,0.027612463,106.4162371,1.369,0.070416613,2.739533115
6724,14.64473368,14.77673,8.689020523,4.913909231,0.800018,5.03936,9.299515,13.58826,14.0133,3404.180791,0.5,0.208384506,0.040395658,0.751219836,5.04655,5.56393,5.30524,14.73424,105.5748592,15.69191294,2.246632678,65.97504515,0.960190023,0.015872236,0.023937741,100.9013227,1.855,-0.4039559,1.665484738
6729,8.232341164,7.46629,4.85824959,2.191678511,0.784667,3.169275,6.20847,6.70299,7.142038,2948.651685,0.499866631,0.143352513,0.312807225,0.543840262,5.35109,3.47323,4.41216,7.32321,27.0201493,13.43264261,4.08641241,0,0.908044463,0.069358642,0.022596894,90.69461349,0.858,-0.61727461,1.922571535
6730,16.28140788,12.13336,4.284193867,2.598375784,0.684198,2.21222,4.081,5.89325,9.13141,5155.248227,0.499993121,0.220514796,0.403719958,0.375765246,4.41359,5.87912,5.146355,11.98913,81.45838388,15.72897438,1.66152895,70.09806275,0.96497355,0.014483091,0.020543358,74.52279368,1.655,0.516987779,2.656119205
6731,42.41094685,22.49061,3.822465821,2.764784089,0.60962,1.59265,3.28446,5.27404,8.755948,137280.4762,0.499991328,0.288432788,0.434001991,0.277565221,2.09499,2.10396,2.099475,22.28137,25.96894437,6.357096529,1.943604838,0,0.994366349,0.003994289,0.001639362,53.03020015,2.286,1.302706035,5.396527581
6732,9.593459073,27.68081,7.004977593,8.115708701,0.5422,1.593,3.1605,8.726745,24.71258,5967.170732,0.499995913,0.286273676,0.389366207,0.324360117,7.92282,4.033530001,5.978175,27.45539,322.3120512,18.58310167,2.363297095,79.41755992,0.991460119,0.005215355,0.003324526,288.5383655,2.319,1.366632423,3.282360081
6733,55.75297595,22.84634,5.503398468,4.267690286,0.40923,2.32903,4.60143,7.66259,14.0116425,12613.33333,0.5,0.222185518,0.315524955,0.462289527,4.94586,5.28919,5.117525,22.81626,176.3835779,15.6496136,1.873747629,0,0.992710085,0.005147518,0.002142397,40.97779465,2.775,1.052771753,3.88509179
6735,6.927077297,2.89427,1.095314282,0.692312746,0.260302,0.5399475,0.96439,1.5079075,2.4464465,1810,0.5,0.892265193,0.107734807,0,1.05196,0.485669999,0.768815,2.6844,0.043684779,2.420853925,3.471081475,0,0.975849948,0.023629687,0.000520365,41.78197926,0.048,0.846276857,2.951839122
6736,12.56458147,20.2642,4.47038091,3.756539603,0.62754,1.79877,3.5561,6.1583325,10.3168975,1506.037736,0.5,0.250271444,0.404785768,0.344942788,9.72972,4.68432,7.20702,20.22323,164.787232,22.78633691,1.525107047,0,0.992073872,0.004255612,0.003670515,161.2803423,0.754,2.064889372,8.427821295
6737,13.53400625,7.48939,1.940062883,1.224450529,0.409798,0.9576,1.618275,2.74587,4.152123,7456.666667,0.5,0.556101922,0.422440769,0.021457309,1.06555,0.86374,0.964645,7.2253,1.319117432,3.061307809,2.139116846,0,0.997053159,0.001598518,0.001348323,55.33756866,0.13,0.89879221,3.63378797
6738,49.01183804,6.22307,1.961139091,1.218269831,0.16301,0.89564,2.00816,2.95305,3.9580525,17761.48148,0.5,0.497143215,0.501501376,0.001355409,2.25197,1.81726,2.034615,6.19299,9.370655516,6.225889652,2.115061838,0,0.921186401,0.059919094,0.018894505,12.69707534,0.956,0.201676444,1.994004871
6740,34.96970487,32.76064,4.030438729,3.708621028,0.269468,1.23854,2.86684,6.182815,11.1874,2842.484076,0.499988796,0.340645797,0.337396643,0.321957559,3.92042,5.86382,4.89212,32.7306,201.3293665,15.73821811,1.704833083,0,0.970907799,0.0179646,0.011127601,93.68291818,1.893,1.604218163,7.043716216
6742,4.154454103,38.84213,12.89117233,3.711792168,3.989879,11.857165,12.703455,14.39809,17.2414455,631.875,0.5,0.036102868,0.018298714,0.945598417,3.17406,3.67399,3.424025,38.4126,96.31262062,10.39630023,3.010343484,0,0.938168875,0.057360075,0.004471051,934.951477,0.389,0.110482309,14.13008098
6744,67.96724152,26.312,3.715513439,3.579482341,0.15943,0.837815,2.64279,5.92752,10.591595,49783.97849,0.49999892,0.412729405,0.294545682,0.292724913,3.52536,3.77961,3.652485,26.282,153.6649822,11.55562039,2.075310771,0,0.984858179,0.010141692,0.00500013,38.71276722,4.39,1.265152035,4.431284927
6747,5.401420046,26.96307,9.818104625,5.378900526,2.15137,5.30065,10.40248,13.3152525,18.221385,529.4488189,0.499950426,0.037675987,0.180348999,0.781975015,5.56017,10.52423,8.0422,26.92662,578.8540698,27.49546986,2.019651981,54.63356637,0.867999313,0.100545034,0.031455653,499.1848397,2.18,0.170016244,2.047215805
6748,65.20078847,31.07802,6.334109687,4.747769679,0.628752,2.5369125,5.21941,9.5723475,15.238618,6412.741935,0.5,0.174954098,0.288098292,0.536947609,5.13482,4.14266,4.63874,30.98379,199.7311051,13.93089756,1.937379894,0,0.996200446,0.002711364,0.00108819,47.66509843,2.683,1.123041063,4.395890959
6749,40.17133076,30.7289,6.574962951,5.242892324,0.692605,3.055515,5.30601,8.66383,16.5214,3799.383562,0.499990986,0.127922698,0.339745092,0.53233221,5.56665,4.07394,4.820295,30.6931,242.3861092,15.02157876,1.315565605,0,0.996125938,0.000459806,0.003414256,76.49460304,2.191,1.839625948,7.630612063
6750,40.79610924,24.97887,6.920527765,4.352597745,1.007032,3.419095,6.415615,9.50226,15.196411,4692.481203,0.5,0.096891524,0.285210703,0.617897773,4.80325,5.182949999,4.9931,24.94234,180.9997583,15.70610116,2.645274221,0,0.984844346,0.012959233,0.002196421,61.22855944,2.254,0.757543176,3.322162596
6751,12.99332766,24.09459,5.420796496,5.316753629,0.82082,2.12902,3.20161,6.2253325,17.2899275,1281.891892,0.499683744,0.239194603,0.437065149,0.323740249,3.20657,4.34172,3.774145,23.77978,92.73026293,11.45168126,1.532064509,84.48647451,0.989342151,0.008353555,0.002304294,185.4381775,0.72,1.676657352,4.834562179
6752,14.8580097,13.68226,4.240332866,3.418312408,0.5759045,1.57459,3.30564,5.699835,12.4797955,2994.852941,0.499975448,0.294794991,0.402209673,0.302995335,4.19062,5.295759999,4.74319,13.65209,106.09143,14.54229573,3.300990723,71.02719115,0.969346011,0.024243777,0.006410211,92.08676181,1.268,1.16574976,3.580053179
6753,2.623990296,7.61309,5.108517972,1.841485404,1.478506,3.85608,6.09778,6.4368,6.963363,201.1111111,0.499605367,0.157063931,0.176006314,0.666929755,3.40774,3.139169999,3.273455,6.97532,18.41296638,10.33666174,1.516371221,65.3952118,0.791782462,0.169804381,0.038413157,290.134076,0.211,-0.922788056,2.446927314
6754,3.878219156,29.29355,9.158545709,8.426540073,0.6713875,2.3104375,5.100035,14.3302325,28.9546825,453.0769231,0.5,0.211375212,0.28565365,0.502971138,3.747,2.23878,2.99289,29.25919,98.04915913,9.447534963,1.695769481,73.17494549,0.990252159,0.00601591,0.003731931,755.3350862,0.411,0.907601281,2.688394641
6757,5.558068152,23.8555,6.81523169,4.388774067,0.86898,3.69918,5.67811,9.21627,16.00191,2440.10453,0.49999286,0.128585912,0.302451771,0.568962317,6.74216,5.74291,6.242535,23.82529,445.908697,19.85492958,2.629171018,15.02624174,0.751143718,0.21231927,0.036537012,429.2048847,3.266,0.777319857,3.289709955
6758,10.96693542,18.65012,4.812208479,4.483036965,0.907616,1.79872,2.71951,5.45629,14.965144,1111.730769,0.5,0.297958831,0.415239578,0.286801591,3.0051,4.84933,3.927215,18.36934,100.3918578,12.56704316,1.599278344,78.66771486,0.973778011,0.017972271,0.008249718,170.057717,0.688,1.318529195,3.394064531
6759,8.18551678,23.7004,10.72822922,4.837188987,2.0228795,8.67461,10.23742,15.3478375,17.1869495,290.2362205,0.499864352,0.04747694,0.082067282,0.870455779,9.88839,4.169819999,7.029105,23.66796,325.8931226,22.72678061,5.234456519,0,0.773401291,0.218916846,0.007681863,289.5406684,0.796,-0.173002662,2.246750157
6760,24.35524458,24.03774,5.99289096,4.249616886,0.61868,2.71035,5.4176,8.66645,15.46674,3521.041667,0.499970416,0.215549376,0.238033252,0.546417372,3.12377,2.05203,2.5879,23.71179,55.19138497,8.465209664,1.38204015,0,0.995982622,0.002573782,0.001443596,98.69636053,0.75,0.910101907,3.724143878
6761,15.78324583,15.97519,7.180864659,5.046528214,0.700082,3.03436,5.92731,10.78742,15.575646,4702.571429,0.499989874,0.151285011,0.28241894,0.566296049,6.00951,3.17704,4.593275,15.77677,79.60712977,14.36847613,5.054678723,0,0.974125347,0.023222601,0.002652052,101.2161261,1.547,0.487165995,1.897645345
6763,19.35470309,18.47238,7.084221431,4.545860037,1.097708,3.52793,6.12509,10.16101,16.0924005,4995.182482,0.499985387,0.135254406,0.274731858,0.590013736,3.30342,5.59316,4.44829,18.44201,139.6683906,14.65840282,2.013453036,77.12317091,0.969944122,0.021358282,0.008697596,95.44129878,2.416,0.547529408,2.280325851
6764,26.6420352,28.29638,6.47919642,4.307726052,1.45765,3.1364625,5.227825,9.2290775,14.873962,3980.636364,0.5,0.082227602,0.399604906,0.518167493,5.74983,5.001540001,5.375685,28.01581,301.0968689,17.62235298,2.042941445,74.00607673,0.977349254,0.016434853,0.006215893,106.2095286,2.088,0.961117991,3.371289711
6765,17.07643929,27.11434,6.208452321,4.989674121,0.779776,2.41408,4.05733,12.134715,15.439727,4175.15873,0.499990496,0.174672572,0.449445891,0.375881537,4.93259,3.46748,4.200035,26.77295,155.8609356,13.84909499,2.458037004,0,0.968499809,0.025484627,0.006015565,158.782165,1.477,0.796045973,2.20728496
6766,36.07850164,30.44295,4.441271164,4.785843673,-0.24542,0.956,2.89716,6.2558,14.507982,13196.45299,0.499998381,0.304449201,0.270362083,0.328779101,6.31641,6.87973,6.59807,31.03971,339.4536118,19.95194949,3.811717927,71.51468718,0.962645453,0.032115287,0.00523926,84.37975143,3.362,1.572015997,5.588935535
6767,73.71711154,22.69194,4.718169451,3.523103406,0.695804,2.0949225,3.885185,6.522285,12.0850905,109938.2353,0.5,0.234294657,0.387533107,0.378172236,3.03968,1.736629999,2.388155,22.55432,43.74258681,7.935792544,1.738316276,0,0.99369941,0.004373232,0.001927358,30.78245949,3.393,1.178187922,4.173808504
6769,10.69062574,24.71,5.120604231,3.756367088,0.66379,2.34665,4.34248,6.55346,12.021076,3834.220183,0.499988036,0.205776087,0.348264063,0.44595985,3.60417,4.916440001,4.260305,24.44404,199.9913275,13.82507779,1.28559739,65.58145514,0.975565424,0.007336369,0.017098207,231.1370785,1.612,1.379705754,5.582986404
6770,24.56405386,25.50816,5.811796313,3.764347688,0.88679,2.8123,5.1053,8.3510075,12.2642245,19171.68539,0.499988279,0.158473404,0.331762665,0.509763931,3.62726,3.473900001,3.55058,25.26587,114.1483262,11.38490628,1.234424456,0,0.984546587,0.007015707,0.008437706,103.843446,2.756,0.655990786,2.691221238
6771,79.72334744,21.81464,4.292639871,3.263129054,0.378148,1.62163,3.63211,6.07425,11.13528,46365.10204,0.499997799,0.276716742,0.378429413,0.344853844,1.94144,3.85142,2.89643,21.78458,77.16284987,9.594448228,1.316424694,0,0.996042209,0.001407869,0.002549922,27.36292529,3.023,1.048523822,3.956103183
6772,29.72965737,25.04335,5.859852415,4.778903298,0.82548,2.49033,4.55625,7.73539,15.93642,9223.571429,0.499994468,0.177860628,0.37018066,0.451958713,3.41584,4.97145,4.193645,24.87802,114.0755491,12.51218013,1.581425878,0,0.994290384,0.001782912,0.003926704,84.23692774,1.872,1.51662128,5.143393799
6773,24.4674505,26.21897,5.791077386,5.166459512,0.83149,2.322,4.140355,7.8070425,16.64561,2524.923077,0.5,0.216000487,0.393655049,0.390344463,4.6138,6.75389,5.683845,26.18896,325.6469906,17.39139525,1.647891125,70.47521227,0.98901721,0.006559781,0.00442301,107.1585697,1.442,1.627487949,5.433761909
6774,12.8154431,24.45876,8.08608185,5.258908959,0.81711,3.66416,7.38278,11.56344,17.84287,5200.15873,0.499984738,0.112389732,0.248740881,0.638869387,3.11797,2.84122,2.979595,24.2221,69.35380125,9.931747096,1.887720369,0,0.996825631,0.002599579,0.00057479,190.8537989,1.143,0.452748636,2.183468619
6778,100.1965572,30.13124,5.065278346,4.152997773,0.48251,1.92715,4.14499,6.880115,13.625832,26124.77707,0.499996343,0.25497429,0.327312091,0.417713618,5.28081,5.21915,5.24998,30.13116,232.5498049,16.42540416,1.286682735,0,0.992960521,0.001752223,0.005287255,30.07213108,6.619,1.46258865,6.048446048
6779,22.40119069,22.79743,5.030296902,4.468809758,0.547354,1.70834,3.56418,6.64792,13.205186,9107.746479,0.499992268,0.26603263,0.377174669,0.356792701,2.95899,3.56181,3.2604,22.76719,81.51612668,10.04580012,1.526273851,0,0.993340842,0.004074381,0.002584776,101.7688315,1.307,1.471415908,4.975931487
6786,11.52757367,11.5573,4.507591134,2.54486967,0.68312,2.3976175,4.66257,6.38145,9.52452,22302.31884,0.499980505,0.192064255,0.3891907,0.418745045,2.81715,3.011229999,2.91419,11.27945,37.58631264,9.737288828,1.543185757,66.51342086,0.9599369,0.017074121,0.022988979,100.2578715,1.776,0.221636986,2.228528473
6787,63.46253607,26.16014,4.039624833,3.868794601,0.471698,1.33536,2.92191,5.530065,11.110057,147219.5,0.499998302,0.350806109,0.346255082,0.302938809,1.84064,2.34981,2.095225,26.13007,36.20054754,6.340919167,1.50038649,0,0.997399236,0.001312516,0.001288248,41.22139079,3.052,2.231102612,9.615028946
6788,15.61131258,25.85725,7.066394514,7.262194312,0.576866,1.48045,3.67369,11.09396,23.004744,4763.493976,0.499962061,0.302299112,0.29367428,0.404026608,2.9185,3.755930001,3.337215,25.64352,134.2169147,11.17457444,1.927737862,81.40588141,0.993105817,0.00370225,0.003191933,165.6314924,1.59,1.093879342,2.840443492
6790,38.08788671,22.57907,6.597883409,5.226012715,0.682292,2.37741,5.05075,9.76267,16.317408,5199.485294,0.499992929,0.203965325,0.291714395,0.504320281,5.56779,3.61316,4.590475,22.32409,146.3994563,14.29777397,2.192103278,0,0.992669397,0.005437459,0.001893144,59.28149853,2.137,0.937681028,3.13733466
6795,39.39891081,42.93491,2.538569083,2.238011456,0.46654,1.09875,2.36107,3.58092,5.01134,31191.05263,0.499957815,0.419823499,0.529318462,0.05085804,1.66035,1.96639,1.81337,42.67393,44.21203059,5.31475628,3.218302454,0,0.994710471,0.004601252,0.000688277,108.9748653,0.546,7.717197104,110.7000949
6796,23.32837895,16.49058,3.389122841,2.555097241,0.456562,1.38679,2.83146,4.7356,8.039761,134828,0.5,0.337199988,0.438113745,0.224686267,1.65007,1.06833,1.3592,16.36804,11.36605616,4.250254075,1.731056855,0,0.997736249,0.001396957,0.000866794,70.68892371,0.911,1.379620522,5.49167722
6798,14.96705602,20.77454,4.475467563,3.19606436,0.5188665,1.99079,3.85407,6.42203,10.1656585,5282.631579,0.49996679,0.251120853,0.370612069,0.378267078,4.04448,3.998550001,4.021515,20.51117,126.9095306,13.17559779,1.503909556,0,0.992220659,0.00433369,0.003445651,138.8017789,0.903,1.094802617,4.705923167
6799,16.47737873,18.66195,5.98719907,4.112176739,0.423116,2.27647,5.7473,9.56279,12.545247,3925.4,0.499974525,0.206654099,0.241096449,0.552249452,4.57396,1.925190001,3.249575,18.40501,43.78602252,10.30663781,1.649700146,0,0.993978572,0.003480869,0.002540559,113.2580024,0.671,0.239336563,1.951407722
6800,16.72559497,21.03601,3.540686832,2.167816563,1.17463,1.9809,2.91917,4.7434,7.346584,22453.75,0.499990722,0.254597413,0.528289632,0.217112954,3.39731,1.732700001,2.565005,20.06169,28.36066661,7.951215534,1.60610276,0,0.994817553,0.003898644,0.001283802,125.7713704,0.532,1.809249014,8.966810705
6841,14.85731177,26.09675,3.874732814,3.789330295,0.56882,1.49326,2.63971,4.67268,14.772908,2327.116564,0.5,0.357402721,0.423468312,0.219128968,3.7649,7.63092,5.69791,25.77952,181.1050525,17.94216912,2.489737925,0,0.969840247,0.026826916,0.003332836,175.6492049,0.889,2.023550971,6.957104338
6842,5.401774255,7.69573,3.004827525,2.458983787,0.102992,0.91853,2.08564,5.461955,7.091308,251.0714286,0.497866287,0.46514936,0.253200569,0.281650071,3.43037,1.461440001,2.445905,7.66648,10.02437488,8.310713122,2.72131925,0,0.956869668,0.037664491,0.005465841,142.4667088,0.1,0.429837095,1.662673563
6843,59.61689748,26.14462,4.773731156,5.093251176,0.25301,0.95431,1.95467,7.51694,15.80574,39869.32584,0.499992955,0.51094728,0.116862109,0.372190611,4.37884,3.18185,3.780345,26.09486,143.5174771,12.34470837,2.161109682,0,0.990073045,0.005736782,0.004190173,43.85437872,3.886,1.206354349,3.522442064
6845,32.56332618,17.09557,5.631879836,3.920671942,0.51299,2.25365,4.74516,9.08102,12.26029,8348.118467,0.499997913,0.212958751,0.309423142,0.477618108,6.20025,6.88335,6.5418,17.03784,265.8926726,19.88329897,1.128841548,74.45391402,0.976366495,0.006385657,0.017247848,52.49945877,4.46,0.467295511,2.071585304
6846,25.23869795,26.6839,6.743354995,5.055325218,0.82357,2.86617,5.45978,9.91376,16.29898,14628.23944,0.49998315,0.154924153,0.305371147,0.5397047,5.77251,3.98205,4.87728,26.51023,232.2464236,15.71527237,1.419206672,79.80637898,0.980437364,0.012754292,0.006808344,105.7261355,5.118,1.084639373,3.875472626
6848,104.1166631,40.88879,7.780688265,6.838134176,0.94888,2.42468,5.46463,11.95395,22.96888,23113.9501,0.499998651,0.186630281,0.285766711,0.527603008,8.1232,7.420179999,7.77169,40.88876,1182.762663,25.64677136,1.360181711,73.11948235,0.972041665,0.009470462,0.018487874,39.27209033,19.122,1.150445622,3.443970383
6849,35.02331488,17.89294,7.094345298,4.792180921,0.619398,3.16464,5.95678,11.80847,15.0656,9486.993007,0.499992629,0.148587687,0.250914023,0.60049829,3.87677,5.73887,4.80782,17.86267,145.3851277,15.07449704,1.910483741,74.1793163,0.975287129,0.016546891,0.008165981,51.08865354,3.899,0.431898477,1.931292861
6850,114.290249,39.36549,6.323096356,6.353566375,0.57963,2.09171,4.11999,7.87499,20.68447,25602.13457,0.499993656,0.22846576,0.341286254,0.430247985,7.82853,7.33727,7.5829,39.36533,1064.962842,24.2402868,1.56863784,80.1846551,0.991204061,0.002639614,0.006156325,34.44343708,14.042,1.820624682,6.110914215
6851,13.90157323,18.61928,4.553517406,3.957906011,0.70065,2.04513,3.51449,5.54,15.46311,2173.020833,0.499976032,0.236997268,0.437323235,0.325679498,4.01313,3.01123,3.51218,18.52534,83.4347304,11.97573801,2.150617788,0,0.992365972,0.005237216,0.002396812,133.9364955,0.768,1.924243031,6.407318569
6852,109.2195111,22.29944,4.880430776,3.268975774,0.632915,2.33038,4.27728,7.07591,10.88792,92148.08511,0.499995382,0.200470565,0.379093781,0.420435654,4.09324,1.904730001,2.998985,22.26944,63.43160998,9.636085977,1.534837957,0,0.988657293,0.006671865,0.004670843,20.41708461,4.384,0.710880379,3.026805882
6855,16.17817077,25.92893,10.66374208,4.526323082,1.299962,9.62278,11.059365,12.827035,17.409031,15294.75,0.5,0.072312395,0.086581997,0.841105608,3.00497,3.61444,3.309705,25.88368,102.8786136,10.63195069,1.146666559,73.92169744,0.977010901,0.008901641,0.014087459,160.2710861,2.995,-0.557099233,3.097129898
6856,13.81595183,25.56061,9.814022681,5.632380189,0.86058,2.55857,11.557545,13.66546,16.9409905,1069.264069,0.5,0.159433198,0.128623482,0.71194332,4.16577,7.2802,5.722985,25.18782,202.9922436,19.43384925,1.967642942,66.06178292,0.932346965,0.044018696,0.023634339,185.0079555,1.528,-0.469505661,1.796979917
6858,15.13000795,15.77327,4.258741441,3.884431302,0.43594,1.41232,2.94595,5.70033,13.707755,14667.7451,0.499989974,0.333170689,0.37031368,0.296515631,5.04988,3.5313,4.29059,15.6126,77.56931049,13.63085278,1.633402348,0,0.98994139,0.006287637,0.003770973,104.2515646,1.467,1.392199882,4.17115096
6859,9.155475936,15.2514,4.914511707,3.329510586,0.545048,2.17125,5.82506,6.33037,12.72008,37411.63636,0.49999514,0.22545246,0.24767695,0.52687059,4.67637,2.58534,3.630855,15.2209,56.33622715,11.36999532,5.870872113,0,0.930840738,0.067388816,0.001770446,166.5822739,1.288,0.867322672,3.641534777
6860,10.60656048,16.84809,3.747661517,3.070831485,0.47383,1.44173,3.11666,4.67208,10.977108,9420.693069,0.499994745,0.311259183,0.463115745,0.225625072,5.09431,3.027790001,4.06105,16.69201,102.4627692,12.83060786,1.319997404,0,0.99185868,0.000864248,0.007277072,158.8459335,1.387,1.561325379,5.512847499
6861,11.69136681,18.19026,5.787511185,5.24829166,0.4150515,1.69265,3.9067,7.41291,16.459186,7119.444444,0.5,0.267460008,0.31125634,0.421283652,3.87552,3.08526,3.48039,18.07768,67.11696805,10.39265376,1.800367176,0,0.991908948,0.004919049,0.003172003,155.5871122,1.176,1.062981972,2.847931048
6862,11.64454987,21.14718,4.271686351,3.108553625,0.54842,1.46957,4.841165,6.19487,10.730296,112528.7179,0.5,0.326198213,0.20019505,0.473606737,2.28006,2.59984,2.43995,20.9021,46.85488288,7.754568628,2.250065757,0,0.984273335,0.010973027,0.004753639,181.6058176,1.413,1.302635008,6.501799451
6863,10.78538074,20.97424,2.741942607,2.973864102,0.03808,0.62377,2.05045,3.83073,9.987412,44089.0625,0.499989368,0.490838856,0.345890775,0.163270369,2.95441,2.229900001,2.592155,20.94422,46.67039741,7.865965583,4.690658251,0,0.964903539,0.033666143,0.001430318,194.4691663,0.955,1.959877708,7.879799886
6864,12.80092263,22.48443,7.875011872,5.209791767,0.497536,3.15472,7.528695,11.59898,15.187164,5522.971429,0.5,0.168108265,0.196819517,0.635072218,4.58711,5.35959,4.97335,22.45437,242.7199547,15.58139414,2.185419602,62.66533041,0.952223445,0.035933454,0.011843102,175.6469486,2.869,0.233496477,2.068872669
6865,56.89220764,18.31025,4.974816815,3.527864677,0.48686,2.0330375,4.419475,7.09502,12.2277065,22190.24793,0.5,0.243163924,0.313729507,0.442920351,3.26243,5.29945,4.28094,18.32472,104.884234,13.81367454,1.476389947,0,0.990438118,0.005018616,0.004543266,32.18410879,3.749,0.713078444,2.810767487
6868,9.648900611,14.24841,3.369986946,3.752200111,0.28352,1.0262825,2.037,3.37128,12.34597,11161.33333,0.49998009,0.480109903,0.364154024,0.155736073,3.60052,2.13597,2.868245,14.22338,28.47738146,9.276815112,2.548058404,0,0.983310677,0.01410997,0.002579353,147.6687405,0.643,1.645300911,4.204551097
6869,12.04627882,27.56793,7.322034768,4.638490549,0.679692,2.85723,7.62685,11.56395,12.655104,4122.016129,0.499990218,0.174319645,0.292508755,0.5331716,5.72447,3.31006,4.517265,27.41297,145.8249317,14.29477841,1.849086375,70.01472645,0.956718692,0.027683641,0.015597667,228.8501736,1.625,-0.083515273,1.447832135
6871,25.12570794,25.47302,8.216582609,5.28701352,1.7255765,4.40668,6.3711,11.63025,19.60778,1832.50646,0.5,0.052017823,0.273738684,0.674243492,6.80145,7.985280001,7.393365,25.44294,498.4350935,23.45728836,1.537684091,72.86742394,0.97703206,0.004640926,0.018327013,101.3822976,3.296,0.957661589,3.068783908
6873,16.23601778,21.01221,4.440245377,3.283809634,0.49614,1.67522,3.939375,6.19872,10.8184345,3213.521127,0.5,0.269920231,0.365028927,0.365050842,4.98851,4.500519999,4.744515,20.98032,141.6136631,14.55908028,3.320955493,0,0.895696992,0.099270497,0.005032511,129.4172641,1.315,1.063585835,4.333914045
6874,19.37116705,31.89365,4.733155398,3.046149173,0.69574,2.5291725,4.284085,6.6007675,9.2771325,15497.89474,0.5,0.182877131,0.401684439,0.41543843,1.48923,1.706739999,1.597985,31.60401,29.06357192,5.158051164,1.731731612,0,0.998833007,0.000460353,0.00070664,164.6449588,0.619,1.435227663,8.472332969
6875,8.405881735,24.3798,5.452094087,5.338150618,0.227638,1.10509,2.83494,10.09727,13.109382,2564.782609,0.49991524,0.346160366,0.257331751,0.396507883,1.76778,1.86206,1.81492,24.34643,35.41314619,5.996484988,1.600219852,0,0.997523443,0.000768365,0.001708193,290.0326315,0.389,1.083561972,3.80718189
6876,12.80213686,24.22469,8.693484066,6.214340481,0.594282,4.54285,7.13155,10.56417,21.9066395,7855.6,0.49997454,0.124268038,0.166632721,0.709099241,4.42473,1.729689999,3.07721,24.19435,70.99398368,10.26501673,3.30593831,0,0.987038911,0.011421692,0.001539397,189.2238012,1.311,0.871915152,2.866606692
6877,13.60436264,22.04641,1.764463816,3.564782043,0.06277,0.20212,0.53815,1.15198,12.553551,4886.875,0.499936053,0.894743573,0.003836808,0.101419619,1.91908,1.78119,1.850135,22.01635,16.44220782,5.674023828,2.901532898,0,0.976465961,0.021269002,0.002265037,162.0539718,0.227,2.778134725,9.669911747
6879,111.4672314,24.05045,5.19152722,4.667773511,-1.10713,2.21266,4.178,7.24648,15.6959,51451.74603,0.499998457,0.136196344,0.34906647,0.413543588,4.08488,4.17081,4.127845,25.65976,220.5248967,12.89267481,1.072457413,0,0.990238269,0.000543835,0.009217896,21.57625133,7.889,1.175002672,4.395988277
6880,29.47264337,24.83755,6.56854741,6.491680814,0.30365,1.64386,3.68878,9.87883,20.21565,34945.36,0.499998855,0.275756209,0.32525062,0.398993171,6.92339,4.095330001,5.50936,24.80746,192.2491296,16.57403338,3.83040499,0,0.983771993,0.014178139,0.002049868,84.27323498,4.087,1.033132687,2.641737293
6882,5.894024507,35.7572,11.16156442,7.893720592,2.3751,4.44901,7.22671,18.53156,25.495081,3217.463235,0.499994287,0.039478946,0.297034794,0.663486259,8.37416,5.16532,6.76974,35.72539,488.3978551,21.87970698,2.517854605,77.57606949,0.913576184,0.076468269,0.009955546,606.6686686,3.87,0.525144467,1.894922761
6883,13.06704067,7.25122,3.801986201,1.937916554,0.75909,2.1777675,3.866945,5.68198,6.445277,5528.275862,0.5,0.220823977,0.414436751,0.364739271,3.80296,5.33285,4.567905,7.19232,44.90354824,13.49486051,1.243090962,60.72830068,0.905763508,0.032439521,0.061796971,55.49244228,1.955,-0.172852694,1.718520837
6885,8.911731141,7.65702,2.303266543,1.055792866,0.472748,1.39168,2.542865,3.10176,3.44625,23632.30769,0.5,0.324930018,0.667160341,0.007909641,2.08984,1.8313,1.96057,7.4067,7.201208635,6.01342531,3.35949343,0,0.864493622,0.114066313,0.021440065,85.92068004,0.304,-0.172888572,2.909072957
6886,28.1681995,25.61631,3.758453566,2.944973094,0.22946,1.36496,3.31589,5.50153,9.025435,22328.52941,0.499997805,0.318856997,0.369658092,0.311484911,4.07115,3.503769999,3.78746,25.58631,158.0661524,12.20913703,2.069295726,0,0.98625067,0.009461466,0.004287863,90.9405303,2.17,1.372651797,6.615968242
6890,114.9846,43.13659,9.787503729,7.548664452,2.31181,3.80961,6.84923,13.84837,25.05457,9326.342669,0.499995584,3.71E-05,0.363417646,0.636545259,9.56065,8.74239,9.15152,41.62045,1383.858407,28.26405498,1.322926267,77.75969804,0.983403834,0.006110253,0.010485913,0,12.428,1.123664279,3.458885874
6891,35.32755009,21.30422,6.040460491,3.927297444,1.14553,3.07692,5.11549,8.51368,13.750378,6945.392157,0.499795322,0.124373615,0.36353627,0.512090115,4.32963,3.71839,4.02401,21.23157,120.9339889,12.35095334,1.260690033,0,0.991465734,0.004674119,0.003860147,60.30483276,1.71,0.887483227,3.282659721
6892,13.96212208,24.02419,6.693826693,4.709011977,1.014994,3.15222,5.76587,9.55367,16.11721,1386.149068,0.499977596,0.10660035,0.307478604,0.559304566,5.07053,4.41879,4.74466,24.98341,255.2614903,14.75678804,1.194409388,45.10670506,0.978111199,0.006597252,0.01529155,172.0668955,1.613,0.84909959,3.14040862
6893,52.71538436,27.22673,4.369223419,4.022989504,0.34987,1.41789,3.17301,6.06718,12.62235,27329.42529,0.499991588,0.315263747,0.368467317,0.316268937,2.63368,5.06638,3.85003,27.17249,126.947702,12.78638183,1.820777124,0,0.99253684,0.005825107,0.001638053,51.64854687,3.357,1.64102399,5.931394197
6894,13.51710532,28.62865,10.17124498,8.707157055,0.62015,2.277195,5.70524,21.261695,23.699708,1920.214286,0.499981401,0.218539598,0.249488524,0.531971878,3.79137,6.18432,4.987845,28.49373,190.5052016,16.24240729,3.591020884,82.24425723,0.992709064,0.005767476,0.00152346,211.7957161,1.578,0.410765993,1.499879253
6897,19.97947766,6.91322,3.662920742,1.116391601,1.39274,3.14384,3.98622,4.12446,5.64369,203540.274,0.499923949,0.104025052,0.824730591,0.071244357,3.34939,3.498600001,3.423995,6.26889,26.53139743,10.24713495,1.585178804,41.83117605,0.792812235,0.114213902,0.092973862,34.6016053,3.271,-0.681170262,3.388866596
6898,6.789848382,3.60228,2.036416915,0.848440953,0.63673,1.24177,2.26937,2.81135,3.086687,26765.83333,0.499953299,0.417976898,0.582023102,0,1.22889,1.6368,1.432845,3.11374,1.637067188,4.555395788,2.337664818,0,0.918891423,0.053769355,0.027339222,53.05390926,0.551,-0.31554259,1.668509818
6899,7.233357882,8.10045,2.247715518,1.201747425,0.230302,1.58128,2.45982,2.81163,3.61571,61137.05882,0.499995189,0.307265257,0.674261303,0.01847344,2.19854,1.24787,1.723205,8.07041,5.846152778,5.352414568,1.343536674,0,0.929290737,0.051425355,0.019283908,111.987408,0.724,0.885209561,6.953856669
6900,15.22480033,6.61508,3.039010419,1.838467793,0.64417,1.39661,2.56861,5.08984,5.91077,69082.5641,0.499985153,0.368592765,0.367779914,0.263627321,2.47758,2.4694,2.47349,6.24813,12.52569027,7.804535462,1.166066339,0,0.96160576,0.014687918,0.023706322,43.44937112,1.787,0.303672851,1.601238317
6904,9.574136198,9.27449,4.211317667,1.695707281,1.206088,3.06585,4.48324,5.42147,6.70199,29290.13889,0.499992887,0.109711744,0.55138011,0.338908146,4.11088,3.18617,3.648525,9.2645,31.66505653,11.12453658,2.148820912,49.84174799,0.866324509,0.078314694,0.055360797,96.87025344,1.931,-0.190010718,2.743792134
6905,31.65113538,30.66685,4.953392946,3.305528622,0.606264,2.73079,4.53694,6.66398,10.897164,21282.81553,0.499997719,0.172754353,0.369188871,0.444490062,4.35692,3.68857,4.022745,31.0412,184.9259638,12.82458354,1.767944955,0,0.987493679,0.006831436,0.005674885,96.89020514,3.205,1.23597249,6.200129617
6910,10.95626842,21.37055,5.472173054,4.750726003,0.40002,0.91376,4.68163,9.94623,12.90683,1270.706522,0.499935845,0.43582396,0.088490655,0.475685386,4.05144,6.86689,5.459165,21.32576,227.5572105,17.01900267,3.573668537,60.49228535,0.922262775,0.070835695,0.006901529,195.0531803,0.92,0.523794819,2.031082012
6911,57.27464497,30.4052,5.923243972,3.846649094,1.02562,2.98032,5.38291,7.84382,14.1749455,8993.900709,0.499992114,0.149928241,0.310612393,0.539459366,4.41837,5.07171,4.74504,30.37494,238.0599352,14.24346613,2.620082732,0,0.981255219,0.015892579,0.002852202,53.08666691,2.634,0.997658781,4.157623289
6916,20.9161805,15.41271,4.269939758,2.694409352,0.817002,2.3516575,3.82578,5.68665,8.778528,5563.225806,0.499971008,0.213556767,0.423721443,0.362721791,2.86799,3.27754,3.072765,15.31703,49.0691154,9.839982382,1.547691754,0,0.993135066,0.003834364,0.00303057,73.68797566,0.798,1.013730903,4.553206758
6917,29.04314927,11.62822,3.717122107,2.439153798,0.8507,2.09398,3.26153,4.289965,9.20385,15258.42105,0.49994826,0.230795764,0.589389811,0.179814425,1.71315,2.08399,1.89857,11.48645,10.36727633,5.700837567,1.185467731,0,0.997902775,0.000588203,0.001509022,40.03773796,0.532,1.138650497,3.586558347
6918,47.94671851,19.03713,3.850687685,3.097252298,-1.1794965,1.72936,3.253385,6.10082,9.4536925,26695.27273,0.5,0.208657985,0.375899036,0.321813872,2.98236,3.15553,3.068945,21.00442,66.3326521,9.372254461,1.927082714,0,0.986817136,0.009444677,0.003738187,39.70476102,2.389,0.354492677,2.541526148
6920,8.612909223,14.52162,2.58018055,1.90287545,0.727416,1.29778,2.19661,3.35671,5.165705,756.1363636,0.499849714,0.431018936,0.505861136,0.063119928,2.10821,3.26436,2.686285,14.41534,29.22488536,8.644554561,1.775630071,0,0.988859247,0.00752852,0.003612233,168.6029613,0.137,2.82546378,15.77593563
6923,28.70548805,19.61453,5.36701119,4.087919076,0.55655,2.34744,4.33969,7.6329925,13.472257,25376,0.5,0.200327081,0.356655895,0.443017024,2.27463,1.40847,1.84155,19.48645,16.45965372,5.857954968,1.880617124,0,0.999445686,0.000366938,0.000187376,68.33024391,1.021,1.177653595,4.297973969
6924,78.97242472,33.82526,5.495063682,4.092584088,0.68281,2.43463,4.38385,7.5298175,14.31814,17818.04878,0.499986311,0.177425831,0.382365556,0.440208613,5.11951,3.76773,4.44362,33.79505,239.7686591,13.49395529,2.305653159,0,0.974875931,0.019864874,0.005259195,42.83173541,3.682,1.018639032,3.43651656
6926,103.8915519,17.50355,3.468101986,2.326078451,0.71304,1.73311,2.93838,4.58163,7.4908375,36134.55696,0.499994745,0.295784392,0.502541485,0.201674122,4.77678,5.72616,5.25147,17.49169,140.430161,15.79625708,1.192085918,0,0.973711115,0.008624154,0.017664731,16.84790503,4.045,1.52737529,6.71771395
6927,31.37877701,24.18702,3.631426714,2.775704958,0.37932,1.42913,3.125785,5.1937475,8.0452375,4791.985019,0.5,0.317235396,0.407804855,0.274959749,8.88496,8.675009999,8.779985,24.09249,352.6083485,25.41350059,1.020644828,0,0.978637987,0.008559344,0.012802669,77.08082438,1.663,1.467530523,6.342402899
6929,17.58507905,28.96803,10.71271795,6.356979718,1.084154,4.601035,11.10589,16.3465525,19.887406,1456.923077,0.5,0.062741992,0.196321718,0.727296727,4.04866,5.690579999,4.86962,30.53129,184.4831389,15.66296902,1.52566697,85.51474922,0.990026092,0.008797869,0.001176039,164.7307352,1.324,0.033787027,1.840163722
6931,17.11251923,9.64954,3.417770269,1.962265406,1.317705,2.02122,2.79887,4.109915,7.654726,838.028169,0.5,0.241344538,0.553613445,0.205042017,3.75595,3.08553,3.42074,8.49153,25.99376665,10.70212957,1.63955305,68.76400461,0.947337126,0.031991079,0.020671795,56.38877521,0.406,1.051082277,3.002113502
6934,10.99793734,16.06681,4.862936521,3.117151682,0.08404,2.8516175,4.89916,6.91192,9.92648,14896.47059,0.5,0.18342284,0.309232349,0.484994472,1.57875,1.541169999,1.55996,16.39952,19.22335754,4.73452656,1.357008564,0,0.997118533,0.001341301,0.001540167,146.089303,0.643,0.3251848,3.096285197
6935,42.68316557,31.34407,5.750962406,3.666757766,0.80546,3.17272,5.39553,7.73177,11.9129935,6663.539823,0.5,0.17223565,0.282304975,0.545459375,3.468,5.710759999,4.58938,31.03039,172.6046632,13.65211801,1.307302291,0,0.996388507,0.001785656,0.001825837,73.43426755,1.757,1.109169874,5.930704158
6936,88.48804104,25.96454,5.796693799,3.795293488,0.581191,3.15886,5.46181,8.07519,11.609744,44784.85714,0.49999681,0.16811167,0.274633645,0.552922863,2.67906,2.30321,2.491135,26.16077,49.92502203,7.803135813,1.576614147,0,0.99300657,0.004320716,0.002672714,29.3424283,3.566,1.160296599,5.903237031
6938,38.9768388,27.43014,6.124863178,3.937339634,0.5409,3.26831,5.74646,8.71088,12.785835,11911.06061,0.49999364,0.180529938,0.244914963,0.574555099,3.75365,4.87145,4.31255,27.34542,187.8182198,13.62666047,1.809691497,0,0.991607651,0.00539539,0.002996959,70.37548668,3.202,0.621928282,3.433209356
6939,20.25621012,21.71827,5.55377448,2.805042183,0.778606,3.5438475,5.652555,7.61752,9.8496285,15066,0.5,0.138059206,0.272301872,0.589638922,1.79292,2.06633,1.929625,21.45027,27.44167408,5.610798637,1.963818061,0,0.998153749,0.000222506,0.001623745,107.2178353,0.771,0.210462593,3.768360684
6940,12.77126608,13.50525,3.131445762,1.785338908,1.029847,2.02515,2.73702,3.96688,6.549345,2616.304348,0.499958455,0.236476942,0.640797673,0.122725384,2.51816,3.20707,2.862615,12.81934,23.28662835,8.949512916,1.396122548,0,0.991578132,0.00324258,0.005179288,105.7471508,0.292,1.897434657,9.095547057
6941,8.501417781,12.83947,4.530031529,3.616509366,0.19407,1.61094,3.4752,6.56797,10.66279,6102.115385,0.499921213,0.27985251,0.390091708,0.330055781,2.36656,3.03357,2.700065,12.80947,30.27104877,8.529924824,1.347117323,0,0.987592714,0.004567658,0.007839629,151.0273972,0.895,0.602072416,1.972989706
6942,8.246716281,23.31571,4.951823055,3.835927937,0.46254,1.56972,3.766435,8.6165,11.2384335,4278.309859,0.5,0.29302739,0.277949697,0.429022913,4.79427,4.794059999,4.794165,23.0815,176.2446118,14.57295395,2.231488156,72.5244501,0.958706257,0.027721269,0.013572474,282.7271996,1.549,0.819217853,3.60368142
6943,4.366778811,23.60017,10.34768449,4.618886422,1.52141,9.12449,10.52743,13.231275,18.35429,11951.52174,0.499984842,0.058897357,0.116727601,0.824375042,3.78502,5.70739,4.746205,23.57009,181.5386953,15.11780674,2.544111654,65.03356241,0.946250579,0.039071756,0.014677665,540.4480286,3.532,-0.329349779,2.818490717
6944,15.24952199,8.71522,3.188015309,1.604354619,0.70027,1.86702,3.19963,4.00042,6.286902,3984.343434,0.499961972,0.257979465,0.6274306,0.114589935,3.16753,5.53083,4.34918,8.30047,31.35176413,13.29801825,4.928537999,51.63951284,0.960602935,0.023981413,0.015415652,57.15077499,0.985,0.344746953,2.742292135
6945,27.46704509,22.50217,6.42289467,4.954650328,0.651646,2.48239,5.01328,9.46835,16.01242,7882.705882,0.499992538,0.191483963,0.307284748,0.501231288,3.14569,3.29272,3.219205,22.46712,105.3307131,11.18173586,2.538608327,0,0.996885489,0.001418599,0.001695912,81.92424751,1.803,0.924006202,3.180039079
6951,101.0075694,32.04507,6.457883108,5.248160045,0.1481125,2.378475,5.037975,8.99281,16.5832,7725.384615,0.5,0.173241426,0.284105619,0.502702018,6.13101,6.42368,6.277345,32.89771,610.538374,19.85738924,1.054176115,0,0.994946981,0.000676405,0.004376614,31.72541444,6.646,0.939238969,3.267797328
6953,30.28476031,19.43204,4.563340506,3.130896586,0.759557,2.24021,4.05814,6.148295,10.32268,6332.916667,0.499993421,0.213237713,0.413198237,0.37356405,5.89144,3.53682,4.71413,19.39062,125.1797529,14.5921094,1.448080661,0,0.991251907,0.004608702,0.004139392,64.16441736,1.398,1.32312619,5.813732942
6954,60.7527565,21.28108,4.351720265,3.145834078,0.517485,1.76561,3.84452,6.123695,9.72318,8448.074866,0.499996835,0.255065547,0.38474734,0.360187113,4.96212,6.05925,5.510685,21.25101,209.6249446,17.24896096,1.778187147,0,0.983781884,0.011008928,0.005209188,35.02899494,2.918,1.096875493,4.57546547
6955,50.3036833,26.45117,8.916375696,5.719148942,0.64975,2.17148,9.99119,13.17029,17.4568,10878.88889,0.499995358,0.242597562,0.08714868,0.670253758,3.56369,4.08772,3.825705,26.4208,152.7779425,11.74904172,1.216104473,78.23132243,0.974463896,0.015159652,0.010376452,52.58296862,3.793,-0.167294646,1.79651209
6956,57.65398929,22.34688,4.738058619,3.306702173,0.32738,2.031625,4.32398,7.10956,10.55274,60815.9375,0.499987154,0.24618855,0.329164333,0.424647117,2.52816,1.84385,2.186005,22.31685,40.14536546,6.840452457,1.227219712,0,0.997724402,0.000875559,0.001400039,38.76033606,2.671,0.604552907,2.850000302
6957,8.385949729,15.72188,4.886647278,2.813171496,0.744788,2.76387,4.88417,6.71199,9.5070115,1427.729469,0.5,0.162143872,0.348819111,0.489037017,5.19061,6.824399999,6.007505,15.38562,162.6208145,18.49076649,1.606400044,67.93332277,0.884559594,0.085538318,0.029902088,187.4788248,1.22,0.541239654,3.083422505
6958,8.493013833,8.395,2.59325128,1.816644311,0.168912,1.03481,2.16456,3.89101,5.708038,56165,0.499955488,0.455977922,0.434968397,0.109053681,0.77244,0.59707,0.684755,8.3807,0.542492184,2.060916733,5.083776139,0,0.999292938,0.000486397,0.000220666,98.84594757,0.209,0.477360213,2.348681559
6959,39.93691828,23.6759,1.611908762,2.995789415,-0.69731,-0.13737,0.63374,2.3113975,7.569658,32584.22018,0.499988738,0.432553045,0.187274754,0.086077575,4.51204,3.40625,3.959145,24.63102,148.9642258,12.43038893,1.818785222,0,0.992150146,0.003070803,0.00477905,59.28324223,2.526,2.938405922,14.18466461
6960,74.43830387,34.56514,4.52386532,3.334165683,0.57006,2.07201,3.83016,6.23973,11.8239225,14464.75524,0.5,0.240028814,0.394075786,0.3658954,5.74634,3.72836,4.73735,34.535,281.6710198,14.62351519,1.510951041,0,0.977994594,0.013834969,0.008170437,46.43461525,3.786,1.385759799,6.508766227
6961,14.04862815,7.24191,2.372827327,1.743825505,0.32073,0.89666,1.76361,3.67988,5.762472,7361.142857,0.499922372,0.510052787,0.384218289,0.105728924,2.49973,2.324809999,2.41227,7.17728,12.61753992,7.542102295,3.257433977,0,0.975166873,0.022430311,0.002402816,51.54887669,0.259,0.668854354,2.328945885
6967,74.43830387,34.56514,4.52386532,3.334165683,0.57006,2.07201,3.83016,6.23973,11.8239225,14464.75524,0.5,0.240028814,0.394075786,0.3658954,5.74634,3.72836,4.73735,34.535,281.6710198,14.62351519,1.510951041,0,0.977994594,0.013834969,0.008170437,46.43461525,3.786,1.385759799,6.508766227
6969,74.15993005,23.73116,5.240929602,3.918363611,0.13087,2.25949,4.69149,7.67789,12.759478,34114.57143,0.499995812,0.193256338,0.306772975,0.469032923,4.22031,3.80452,4.012415,24.05171,141.4478055,12.4250401,1.441273557,0,0.994730151,0.00273213,0.002537719,31.99997624,5.158,0.747298704,3.168334326
